1,688486,N龙迅,89.00,0.37,24.24,95300.0,851000000.0,0.14,95.00,86.19,93.00,64.76,0,0.64,92.81,4.65,13-31
2,688255,凯尔达,43.78,0.2,7.30,38300.0,161000000.0,0.19,43.78,36.88,36.88,36.48,3.54,0.08,75.27,3.08,13-31
3,688517,金冠电气,20.70,0.19,3.24,116600.0,233000000.0,0.19,20.95,17.62,17.88,17.46,3.78,0.14,34.89,3.81,13-31
4,688326,经纬恒润-W,176.26,0.12,19.26,19000.0,325000000.0,0.13,180.28,160.11,168.00,157.00,5.02,0.08,106.91,4.07,13-31
5,688095,福昕软件,93.30,0.1,8.60,32600.0,307000000.0,0.13,98.60,87.88,88.00,84.70,6.36,0.08,581.93,2.31,13-31
6,688611,杭州柯林,58.05,0.08,4.16,12800.0,73444200.0,0.14,59.96,52.52,53.33,53.89,1.97,0.1,89.93,4.14,13-31
7,688355,明志科技,31.40,0.07,2.09,33300.0,103000000.0,0.12,32.62,29.02,29.05,29.31,2.65,0.09,118.11,3.68,13-31
8,688387,信科移动-U,5.67,0.07,0.36,579400.0,327000000.0,0.11,5.88,5.31,5.31,5.31,6.09,0.13,-52.15,2.66,13-31
9,688600,皖仪科技,32.80,0.06,1.96,16100.0,51390500.0,0.08,32.85,30.28,30.84,30.84,1.16,0.02,128.51,5.09,13-31
10,688160,步科股份,42.72,0.06,2.50,19900.0,84276400.0,0.09,43.88,40.28,40.75,40.22,2.09,0.07,39.42,4.99,13-31
11,688327,云从科技-UW,32.10,0.05,1.50,210600.0,693000000.0,0.09,34.20,31.36,31.36,30.60,1.57,0.25,-30.25,10.13,13-31
12,688319,欧林生物,19.95,0.05,0.90,35900.0,70616800.0,0.07,20.21,18.88,19.13,19.05,1.63,0.01,150.93,9.11,13-31
13,688129,东来技术,15.07,0.05,0.67,16600.0,25151200.0,0.06,15.49,14.60,14.67,14.40,6.59,0.04,63.35,2.10,13-31
14,688577,浙海德曼,48.46,0.04,2.04,4742,22588300.0,0.05,48.64,46.11,46.61,46.42,1.96,0.02,36.45,3.05,13-31
15,688338,赛科希德,48.41,0.04,1.98,10400.0,48805300.0,0.06,48.41,45.45,46.43,46.43,1.28,0.02,37.89,2.63,13-31
16,688022,瀚川智能,69.49,0.04,2.64,27200.0,183000000.0,0.08,70.08,64.94,66.02,66.85,1.66,0.03,75.68,7.37,13-31
17,688189,南新制药,16.19,0.04,0.60,80200.0,130000000.0,0.07,16.60,15.53,15.58,15.59,2.62,0.06,163.98,2.25,13-31
18,688169,石头科技,360.23,0.04,12.64,9069,325000000.0,0.05,363.00,347.00,347.00,347.59,1.49,0.01,29.60,3.67,13-31
19,688656,浩欧博,38.27,0.04,1.33,3572,13607100.0,0.05,38.68,36.94,37.09,36.94,2.19,0.02,40.70,3.08,13-31
20,688349,三一重能,33.74,0.04,1.15,15800.0,52566800.0,0.05,34.07,32.42,32.53,32.59,1.17,0.01,28.85,3.78,13-31
22,688622,禾信仪器,42.11,0.03,1.36,6596,27232000.0,0.05,42.45,40.52,40.87,40.75,0.87,0.02,-50.45,5.36,13-31
23,688193,仁度生物,53.20,0.03,1.69,1544,8082500.0,0.03,53.20,51.58,51.58,51.51,1.12,0.02,67.19,2.20,13-31
24,688079,美迪凯,11.05,0.03,0.34,30900.0,34372100.0,0.06,11.37,10.69,10.76,10.71,1.89,0.02,377.90,2.89,13-31
25,688389,普门科技,24.38,0.03,0.75,21400.0,51207500.0,0.04,24.40,23.39,23.72,23.63,1.00,0.01,41.28,7.16,13-31
26,688503,聚和材料,138.88,0.03,4.26,6371,86866900.0,0.04,139.00,133.61,134.60,134.62,0.92,0.03,38.53,3.49,13-31
27,688237,超卓航科,59.04,0.03,1.75,5144,30225300.0,0.05,59.89,57.27,57.27,57.29,1.21,0.03,81.64,4.13,13-31
28,688697,纽威数控,30.97,0.03,0.89,20000.0,60229400.0,0.05,31.20,29.60,29.80,30.08,1.09,0.03,40.01,7.49,13-31
29,688091,上海谊众-U,96.70,0.03,2.75,16800.0,162000000.0,0.05,98.25,93.69,93.69,93.95,0.90,0.02,100.18,10.87,13-31
30,688329,艾隆科技,40.50,0.03,1.11,7116,28351000.0,0.06,40.99,38.81,39.08,39.39,1.12,0.02,38.56,3.91,13-31
31,688156,路德环境,38.91,0.03,1.06,9164,35497600.0,0.05,39.47,37.59,38.15,37.85,1.20,0.01,115.84,4.66,13-31
32,688260,昀冢科技,16.07,0.03,0.43,8789,14164300.0,0.06,16.50,15.62,15.64,15.64,1.61,0.01,369.96,3.80,13-31
33,688060,云涌科技,61.87,0.03,1.63,3937,24321900.0,0.06,63.19,59.60,60.24,60.24,1.61,0.01,298.26,3.88,13-31
34,688239,航宇科技,76.19,0.03,1.99,20800.0,155000000.0,0.04,76.22,73.22,74.00,74.20,2.31,0.02,60.75,8.61,13-31
35,688256,寒武纪-U,84.66,0.03,2.21,77500.0,667000000.0,0.07,87.95,82.00,82.60,82.45,1.07,0.03,-26.94,6.55,13-31
36,688526,科前生物,30.20,0.03,0.78,18100.0,53173000.0,0.06,30.39,28.64,29.61,29.42,0.98,0.01,37.26,4.19,13-31
37,688625,呈和科技,52.34,0.03,1.34,2497,13038900.0,0.04,52.73,50.61,50.61,51.00,1.21,0.0,36.51,6.94,13-31
38,688408,中信博,105.50,0.03,2.67,15200.0,158000000.0,0.06,106.84,100.80,103.25,102.83,1.07,0.02,-855.44,5.86,13-31
39,688377,迪威尔,38.53,0.02,0.93,11300.0,43178300.0,0.04,38.89,37.26,37.80,37.60,1.16,0.01,57.10,4.71,13-31
40,688388,嘉元科技,49.15,0.02,1.18,40100.0,199000000.0,0.06,50.60,47.68,47.94,47.97,1.79,0.02,25.64,2.09,13-31
42,688395,正弦电气,22.55,0.02,0.54,6301,14080600.0,0.03,22.63,22.01,22.10,22.01,1.03,0.02,34.32,2.86,13-31
43,688078,龙软科技,40.76,0.02,0.96,12700.0,52312200.0,0.06,42.40,39.89,40.00,39.80,1.13,0.02,42.83,4.73,13-31
44,688677,海泰新光,105.98,0.02,2.47,15200.0,161000000.0,0.08,109.87,101.62,103.34,103.51,1.57,0.03,49.43,7.87,13-31
45,688718,唯赛勃,21.58,0.02,0.50,7286,15619400.0,0.04,21.76,20.86,21.43,21.08,1.05,0.01,125.51,5.30,13-31
46,688529,豪森股份,25.96,0.02,0.58,10900.0,28554500.0,0.05,26.62,25.36,25.60,25.38,1.74,0.02,30.44,2.81,13-31
47,688269,凯立新材,79.73,0.02,1.78,2705,21417800.0,0.05,80.20,76.33,78.18,77.95,0.80,0.0,44.63,11.29,13-31
48,688202,美迪西,193.29,0.02,4.17,11600.0,225000000.0,0.04,196.88,189.02,189.02,189.12,1.65,0.02,46.34,10.36,13-31
49,688071,华依科技,65.61,0.02,1.40,2778,17992900.0,0.03,65.93,63.80,64.72,64.21,0.60,0.01,139.26,9.71,13-31
50,688226,威腾电气,26.35,0.02,0.56,14900.0,38926000.0,0.03,26.60,25.76,25.82,25.79,1.19,0.02,61.19,4.64,13-31
51,688357,建龙微纳,121.50,0.02,2.53,7230,85677200.0,0.05,122.18,115.69,118.14,118.97,1.25,0.01,36.75,4.66,13-31
52,688023,安恒信息,168.44,0.02,3.45,14100.0,240000000.0,0.04,174.16,166.99,166.99,164.99,1.97,0.02,-21.79,5.05,13-31
53,688127,蓝特光学,19.65,0.02,0.40,20900.0,41390600.0,0.05,20.16,19.29,19.39,19.25,1.58,0.01,91.69,5.34,13-31
54,688291,金橙子,30.51,0.02,0.61,9291,28801500.0,0.07,31.75,29.53,30.08,29.90,1.40,0.04,76.88,3.47,13-31
55,688273,麦澜德,42.53,0.02,0.85,23300.0,100000000.0,0.07,44.44,41.35,42.65,41.68,2.08,0.1,32.53,3.18,13-31
56,688287,观典防务,13.23,0.02,0.26,39200.0,51181700.0,0.03,13.24,12.87,12.97,12.97,1.36,0.03,39.66,4.13,13-31
57,688696,极米科技,210.40,0.02,4.11,6779,141000000.0,0.04,211.55,203.49,206.88,206.29,1.39,0.02,33.52,4.94,13-31
58,688303,大全能源,48.45,0.02,0.94,127700.0,617000000.0,0.03,48.93,47.48,47.57,47.51,1.78,0.03,5.15,2.50,13-31
59,688186,广大特材,30.74,0.02,0.59,34500.0,105000000.0,0.04,31.00,29.75,30.20,30.15,1.83,0.02,61.57,2.09,13-31
60,688218,江苏北人,21.74,0.02,0.41,36500.0,79804100.0,0.05,22.28,21.29,21.33,21.33,0.96,0.03,-492.16,3.03,13-31
62,688097,博众精工,31.85,0.02,0.58,8122,25633400.0,0.05,32.45,30.89,31.02,31.27,1.77,0.02,64.79,3.97,13-31
63,688553,汇宇制药-W,18.22,0.02,0.33,18800.0,34408800.0,0.05,18.67,17.84,17.86,17.89,1.68,0.01,24.59,2.08,13-31
64,688439,振华风光,107.79,0.02,1.94,7049,75968200.0,0.04,109.50,105.60,105.98,105.85,1.37,0.02,71.30,5.25,13-31
65,688667,菱电电控,106.66,0.02,1.91,11100.0,117000000.0,0.04,107.20,103.50,105.97,104.75,2.07,0.05,77.31,3.65,13-31
66,688586,江航装备,18.58,0.02,0.33,28400.0,53077100.0,0.04,18.98,18.29,18.35,18.25,1.71,0.01,35.40,4.70,13-31
67,688371,菲沃泰,22.68,0.02,0.40,31100.0,70961600.0,0.04,23.17,22.17,22.27,22.28,1.53,0.04,313.88,3.86,13-31
68,688690,纳微科技,56.10,0.02,0.94,25300.0,143000000.0,0.04,57.04,54.81,55.00,55.16,1.12,0.01,80.03,15.62,13-31
69,688297,中无人机,50.03,0.02,0.83,41700.0,208000000.0,0.03,50.24,49.00,49.20,49.20,1.46,0.03,92.73,5.87,13-31
70,688558,国盛智科,42.80,0.02,0.71,4001,16961900.0,0.03,42.88,41.51,41.51,42.09,0.67,0.01,28.22,3.82,13-31
71,688597,煜邦电力,16.46,0.02,0.27,15400.0,25370200.0,0.03,16.65,16.17,16.24,16.19,0.95,0.01,37.81,3.49,13-31
72,688670,金迪克,50.63,0.02,0.81,5951,30137800.0,0.04,51.42,49.39,50.07,49.82,2.22,0.02,60.08,3.02,13-31
73,688301,奕瑞科技,421.99,0.02,6.74,2103,87870100.0,0.03,422.55,410.07,416.96,415.25,0.97,0.01,45.29,8.92,13-31
74,688561,奇安信-U,77.66,0.02,1.24,18000.0,140000000.0,0.04,78.39,75.52,76.52,76.42,0.83,0.0,-35.31,6.05,13-31
75,688596,正帆科技,33.24,0.02,0.53,26600.0,87572000.0,0.05,33.77,32.20,32.72,32.71,0.84,0.01,35.25,3.67,13-31
76,688686,奥普特,155.82,0.02,2.43,4116,64212800.0,0.05,159.60,152.00,153.46,153.39,1.16,0.01,51.00,6.98,13-31
77,688017,绿的谐波,134.66,0.02,2.07,32700.0,447000000.0,0.06,139.55,132.00,134.00,132.59,1.62,0.04,133.01,11.99,13-31
78,688385,复旦微电,65.37,0.02,1.00,46200.0,302000000.0,0.04,66.78,64.50,66.00,64.37,0.93,0.01,46.60,12.60,13-31
79,688551,科威尔,59.47,0.02,0.90,2367,14066800.0,0.06,60.50,57.13,58.60,58.57,0.57,0.0,79.08,4.73,13-31
80,688509,正元地信,4.63,0.02,0.07,51300.0,23905600.0,0.04,4.72,4.56,4.59,4.56,1.29,0.01,-57.78,2.46,13-31
81,688819,天能股份,37.62,0.01,0.55,15800.0,58976100.0,0.02,37.76,36.95,37.10,37.07,1.27,0.01,19.25,2.79,13-31
82,688030,山石网科,24.63,0.01,0.36,19700.0,49264100.0,0.06,25.54,24.03,24.30,24.27,0.88,0.01,-86.12,3.03,13-31
83,688280,精进电动-UW,8.90,0.01,0.13,26300.0,23596400.0,0.04,9.11,8.79,8.79,8.77,0.81,0.01,-13.05,3.08,13-31
84,688236,春立医疗,34.45,0.01,0.50,17600.0,60111600.0,0.03,34.47,33.35,33.78,33.95,0.74,0.02,47.35,5.05,13-31
85,688533,上声电子,58.75,0.01,0.85,11600.0,67017600.0,0.05,59.35,56.30,57.25,57.90,1.90,0.03,120.31,8.77,13-31
86,688665,四方光电,105.00,0.01,1.50,1218,12757400.0,0.02,105.43,103.03,104.22,103.50,0.57,0.01,55.11,8.63,13-31
87,688676,金盘科技,36.61,0.01,0.50,21400.0,78020800.0,0.03,36.91,35.76,36.06,36.11,1.38,0.01,69.77,6.11,13-31
88,688616,西力科技,13.31,0.01,0.18,8310,11022500.0,0.03,13.42,13.08,13.28,13.13,1.33,0.02,33.38,2.69,13-31
89,688072,拓荆科技-U,266.00,0.01,3.58,6423,171000000.0,0.04,271.04,260.51,260.51,262.42,0.99,0.02,106.25,9.45,13-31
90,688090,瑞松科技,28.47,0.01,0.38,6794,19443600.0,0.03,28.92,28.00,28.22,28.09,1.18,0.01,88.51,2.01,13-31
91,688143,长盈通,51.79,0.01,0.69,5738,29405900.0,0.02,51.99,50.88,51.28,51.10,1.03,0.03,71.56,4.00,13-31
92,688180,君实生物-U,56.62,0.01,0.75,45400.0,256000000.0,0.04,57.39,55.31,56.24,55.87,1.04,0.01,-26.25,5.42,13-31
93,688305,科德数控,95.00,0.01,1.21,4466,42121900.0,0.02,95.38,93.07,93.72,93.79,0.74,0.01,199.10,8.81,13-31
94,688148,芳源股份,15.42,0.01,0.19,26700.0,41024700.0,0.02,15.53,15.16,15.36,15.23,0.94,0.01,267.42,5.70,13-31
95,688798,艾为电子,109.01,0.01,1.26,8176,88903900.0,0.03,109.70,106.18,107.00,107.75,1.00,0.01,-353.53,5.10,13-31
96,688033,天宜上佳,22.52,0.01,0.25,29400.0,66036500.0,0.03,22.72,22.15,22.29,22.27,0.95,0.01,76.53,2.52,13-31
97,688314,康拓医疗,51.50,0.01,0.55,1607,8220800.0,0.01,51.50,50.80,51.28,50.95,0.47,0.01,34.54,5.61,13-31
98,688375,国博电子,96.55,0.01,1.00,4654,45029900.0,0.02,97.60,95.50,96.05,95.55,0.82,0.01,72.10,7.27,13-31
99,688722,同益中,21.62,0.01,0.22,18000.0,39268100.0,0.04,22.24,21.28,21.56,21.40,0.97,0.01,27.14,4.27,13-31
100,688310,迈得医疗,36.57,0.01,0.37,6453,23197800.0,0.05,36.78,35.10,36.30,36.20,0.56,0.01,47.03,3.75,13-31
101,689009,九号公司-WD,33.77,0.01,0.34,34300.0,117000000.0,0.04,34.49,33.27,33.44,33.43,1.12,0.01,45.97,5.01,13-31
102,688496,清越科技,11.41,0.01,0.11,45500.0,52125100.0,0.04,11.68,11.24,11.33,11.30,0.89,0.06,125.28,4.12,13-31
103,688698,伟创电气,23.22,0.01,0.22,5160,11955900.0,0.02,23.45,22.92,23.45,23.00,0.89,0.01,29.87,4.26,13-31
104,688309,*ST恒誉,22.68,0.01,0.21,2595,5837000.0,0.01,22.69,22.38,22.58,22.47,0.85,0.01,2858.07,2.61,13-31
105,688056,莱伯泰科,42.39,0.01,0.38,2582,10966900.0,0.02,43.00,41.97,42.50,42.01,0.67,0.01,61.41,3.44,13-31
106,688073,毕得医药,139.67,0.01,1.25,3369,46686900.0,0.04,141.99,136.02,136.02,138.42,0.75,0.03,62.19,4.37,13-31
107,688198,佰仁医疗,125.31,0.01,1.11,2689,33476300.0,0.04,126.18,120.59,123.70,124.20,1.40,0.0,213.04,16.17,13-31
108,688679,通源环境,12.45,0.01,0.11,2847,3532300.0,0.02,12.54,12.25,12.49,12.34,0.81,0.0,34.35,1.49,13-31
109,688733,壹石通,40.50,0.01,0.35,15000.0,60712000.0,0.03,41.02,39.90,40.00,40.15,0.92,0.01,51.95,3.60,13-31
110,688320,禾川科技,48.17,0.01,0.41,7404,35692500.0,0.04,49.00,47.02,47.70,47.76,0.61,0.02,60.73,4.74,13-31
111,688505,复旦张江,9.46,0.01,0.08,27000.0,25689500.0,0.02,9.61,9.42,9.47,9.38,1.68,0.01,198.26,4.39,13-31
112,688599,天合光能,62.95,0.01,0.53,106500.0,672000000.0,0.04,64.51,62.11,62.50,62.42,1.38,0.01,42.71,5.61,13-31
113,688019,安集科技,193.87,0.01,1.62,3573,69587600.0,0.02,196.67,192.01,192.90,192.25,0.71,0.0,52.58,10.28,13-31
114,688779,长远锂科,15.91,0.01,0.13,65400.0,104000000.0,0.02,16.03,15.72,15.80,15.78,0.97,0.01,20.67,4.13,13-31
115,688013,天臣医疗,22.88,0.01,0.18,3806,8693700.0,0.03,23.15,22.51,22.55,22.70,1.20,0.01,43.80,3.66,13-31
116,688191,智洋创新,15.50,0.01,0.12,10800.0,16951900.0,0.05,15.98,15.17,15.37,15.38,0.73,0.02,69.20,2.88,13-31
117,688362,甬矽电子,28.10,0.01,0.21,64800.0,184000000.0,0.06,29.29,27.60,27.80,27.89,1.12,0.14,41.71,4.38,13-31
118,688210,统联精密,26.78,0.01,0.20,5017,13408400.0,0.02,26.99,26.42,26.57,26.58,0.75,0.01,33.63,2.54,13-31
119,688077,大地熊,52.71,0.01,0.39,7047,37222200.0,0.02,53.33,52.03,52.20,52.32,0.91,0.02,22.64,3.66,13-31
120,688788,科思科技,43.93,0.01,0.32,5031,22253900.0,0.05,45.27,43.19,43.83,43.61,1.10,0.01,-49.51,1.65,13-31
121,688655,迅捷兴,13.80,0.01,0.10,8569,11857100.0,0.02,13.99,13.67,13.67,13.70,0.99,0.01,32.39,2.70,13-31
122,688569,铁科轨道,19.56,0.01,0.14,6304,12366500.0,0.03,19.78,19.26,19.44,19.42,1.37,0.0,16.18,1.67,13-31
124,688021,奥福环保,32.01,0.01,0.22,8102,25702600.0,0.03,32.43,31.34,32.21,31.79,1.09,0.01,-1925.98,2.68,13-31
125,688151,华强科技,20.80,0.01,0.14,6811,14207700.0,0.02,21.07,20.66,20.79,20.66,0.96,0.01,54.04,1.70,13-31
126,688166,博瑞医药,24.08,0.01,0.16,18300.0,44120700.0,0.02,24.47,23.91,24.03,23.92,0.87,0.0,38.61,4.83,13-31
127,688289,圣湘生物,23.40,0.01,0.15,19100.0,44722200.0,0.01,23.53,23.21,23.29,23.25,0.64,0.01,6.46,1.91,13-31
128,688025,杰普特,55.75,0.01,0.35,13300.0,74059600.0,0.04,57.03,54.69,55.20,55.40,1.14,0.02,76.70,2.93,13-31
129,688015,交控科技,22.84,0.01,0.14,17400.0,40007300.0,0.03,23.35,22.72,23.00,22.70,1.92,0.01,18.68,1.75,13-31
130,688595,芯海科技,44.22,0.01,0.27,11700.0,51869200.0,0.02,44.99,43.90,44.10,43.95,1.01,0.01,1474.98,5.94,13-31
131,688257,新锐股份,41.41,0.01,0.25,2855,11810200.0,0.02,41.85,40.88,41.25,41.16,0.69,0.01,25.58,1.87,13-31
132,688119,中钢洛耐,6.97,0.01,0.04,41800.0,29186400.0,0.02,7.06,6.91,6.97,6.93,1.21,0.03,31.84,2.55,13-31
133,688101,三达膜,14.48,0.01,0.08,5738,8314600.0,0.01,14.57,14.38,14.47,14.40,0.57,0.0,18.87,1.37,13-31
134,688165,埃夫特-U,9.28,0.01,0.05,14400.0,13489700.0,0.03,9.51,9.22,9.23,9.23,1.21,0.0,-40.01,2.70,13-31
135,688229,博睿数据,44.74,0.01,0.24,8519,38222700.0,0.03,45.35,44.07,44.40,44.50,0.59,0.04,-29.44,2.89,13-31
136,688162,巨一科技,53.88,0.01,0.28,15700.0,85916800.0,0.05,55.88,53.09,53.57,53.60,1.87,0.03,57.11,2.87,13-31
137,688376,美埃科技,38.10,0.01,0.19,4235,15912900.0,0.03,38.16,37.15,38.16,37.91,0.54,0.01,44.65,3.56,13-31
138,688590,新致软件,12.06,0.01,0.06,87100.0,108000000.0,0.07,12.88,12.01,12.30,12.00,1.76,0.05,123.59,2.55,13-31
139,688619,罗普特,14.17,0.01,0.07,37200.0,53625200.0,0.05,14.73,13.97,13.97,14.10,0.74,0.04,-50.23,1.85,13-31
140,688418,震有科技,12.15,0.01,0.06,16100.0,19579600.0,0.03,12.44,12.03,12.09,12.09,1.04,0.01,-19.14,2.25,13-31
141,688027,国盾量子,134.43,0.0,0.66,9757,133000000.0,0.03,137.53,133.90,134.00,133.77,0.84,0.02,-131.66,6.52,13-31
142,688275,万润新能,183.56,0.0,0.90,2237,41111000.0,0.01,184.58,182.60,182.60,182.66,0.82,0.01,14.81,1.86,13-31
143,688778,厦钨新能,79.40,0.0,0.38,15100.0,121000000.0,0.02,80.40,78.88,79.02,79.02,1.00,0.02,21.30,2.91,13-31
144,688518,联赢激光,35.07,0.0,0.16,26700.0,93062100.0,0.03,35.36,34.37,34.95,34.91,0.70,0.01,47.37,4.43,13-31
145,688055,龙腾光电,4.41,0.0,0.02,24000.0,10611700.0,0.01,4.45,4.39,4.41,4.39,0.70,0.0,42.21,3.05,13-31
146,688155,先惠技术,55.85,0.0,0.25,1898,10649200.0,0.02,56.75,55.55,55.57,55.60,0.64,0.01,-114.67,3.59,13-31
147,688135,利扬芯片,31.37,0.0,0.14,10500.0,33158200.0,0.02,31.84,31.20,31.23,31.23,0.89,0.01,125.84,4.05,13-31
148,688636,智明达,114.93,0.0,0.50,745.0,8517200.0,0.01,115.26,113.55,115.12,114.43,0.32,0.0,97.59,6.06,13-31
149,688508,芯朋微,74.03,0.0,0.32,9095,67877500.0,0.03,75.88,73.52,74.16,73.71,0.75,0.01,79.78,5.76,13-31
150,688096,京源环保,13.17,0.0,0.05,3548,4696600.0,0.01,13.31,13.12,13.14,13.12,0.83,0.0,32.81,1.79,13-31
151,688575,亚辉龙,21.26,0.0,0.08,22700.0,48523900.0,0.02,21.51,21.01,21.29,21.18,0.87,0.01,10.35,5.31,13-31
152,688300,联瑞新材,61.13,0.0,0.23,1542,9423900.0,0.02,61.65,60.29,60.80,60.90,0.60,0.0,43.54,6.50,13-31
153,688567,孚能科技,24.73,0.0,0.09,39300.0,97800000.0,0.02,25.14,24.68,24.82,24.64,0.73,0.0,-81.27,2.41,13-31
154,688350,富淼科技,19.28,0.0,0.07,6498,12606900.0,0.03,19.63,19.05,19.29,19.21,0.97,0.01,19.88,1.72,13-31
155,688410,山外山,38.76,0.0,0.14,8651,33823800.0,0.04,39.80,38.20,38.79,38.62,0.76,0.03,123.05,3.77,13-31
156,688386,泛亚微透,58.67,0.0,0.21,3681,21605800.0,0.02,59.45,58.08,58.08,58.46,0.55,0.01,71.96,6.43,13-31
157,688006,杭可科技,52.48,0.0,0.18,11200.0,58499900.0,0.02,52.70,51.58,51.93,52.30,0.48,0.0,44.61,6.96,13-31
159,688223,晶科能源,14.65,0.0,0.05,385400.0,564000000.0,0.03,14.93,14.42,14.68,14.60,1.34,0.02,65.56,5.76,13-31
160,688299,长阳科技,17.70,0.0,0.06,18500.0,32930500.0,0.02,17.95,17.61,17.61,17.64,0.73,0.01,34.19,2.46,13-31
161,688639,华恒生物,166.03,0.0,0.53,3651,60646800.0,0.03,168.70,164.10,165.99,165.50,1.02,0.01,62.19,13.15,13-31
162,688311,盟升电子,79.96,0.0,0.22,6449,51946500.0,0.04,81.99,79.05,79.73,79.74,0.85,0.01,696.98,5.36,13-31
163,688203,海正生材,18.28,0.0,0.05,20500.0,38125500.0,0.05,19.06,18.06,18.24,18.23,1.67,0.04,78.62,2.55,13-31
164,688136,科兴制药,22.26,0.0,0.06,9273,20727700.0,0.02,22.56,22.02,22.10,22.20,0.98,0.01,-58.49,2.40,13-31
165,688370,丛麟科技,37.74,0.0,0.10,1133,4279100.0,0.01,37.97,37.56,37.67,37.64,0.53,0.0,22.91,1.43,13-31
166,688335,复洁环保,23.90,0.0,0.06,3007,7178400.0,0.02,24.17,23.69,23.77,23.84,0.89,0.0,25.90,2.06,13-31
167,688098,申联生物,8.36,0.0,0.02,10900.0,9121600.0,0.01,8.43,8.34,8.42,8.34,0.54,0.0,35.58,2.26,13-31
168,688662,富信科技,29.58,0.0,0.07,3299,9813100.0,0.02,30.05,29.45,29.82,29.51,0.69,0.01,35.25,3.55,13-31
169,688701,卓锦股份,8.76,0.0,0.02,4237,3713400.0,0.01,8.80,8.71,8.80,8.74,0.67,0.01,-29.48,2.52,13-31
170,688685,迈信林,22.18,0.0,0.05,11100.0,24715400.0,0.03,22.64,22.04,22.09,22.13,0.78,0.02,69.46,3.58,13-31
171,688511,天微电子,31.52,0.0,0.07,3672,11680300.0,0.03,32.19,31.32,31.32,31.45,0.81,0.01,63.15,3.07,13-31
172,688132,邦彦技术,27.05,0.0,0.06,5947,16241100.0,0.03,27.80,26.99,27.09,26.99,0.67,0.02,-143.17,2.71,13-31
173,688767,博拓生物,47.14,0.0,0.09,2775,13065200.0,0.01,47.29,46.69,46.99,47.05,0.69,0.01,4.26,1.88,13-31
174,688293,奥浦迈,114.59,0.0,0.20,1633,18684200.0,0.04,116.65,112.37,113.10,114.39,1.06,0.01,84.79,4.35,13-31
175,688199,久日新材,34.38,0.0,0.06,5620,19439400.0,0.02,34.86,34.28,34.32,34.32,0.94,0.01,27.12,1.37,13-31
176,688007,光峰科技,26.23,0.0,0.04,28100.0,74405600.0,0.03,26.80,26.01,26.11,26.19,1.02,0.01,98.43,4.62,13-31
177,688184,帕瓦股份,37.75,0.0,0.05,3306,12487900.0,0.01,38.00,37.53,37.73,37.70,0.68,0.01,36.63,1.65,13-31
178,688113,联测科技,48.51,0.0,0.06,392.0,1902700.0,0.02,48.90,48.00,48.40,48.45,0.44,0.0,35.44,4.15,13-31
179,688659,元琛科技,16.26,0.0,0.02,27200.0,44337300.0,0.04,16.63,16.00,16.21,16.24,0.74,0.03,122.82,4.00,13-31
180,688185,康希诺,139.25,0.0,0.17,16800.0,234000000.0,0.03,142.48,137.66,139.59,139.08,1.28,0.02,-54.47,4.77,13-31
182,688272,富吉瑞,24.60,0.0,0.03,6534,16058800.0,0.03,24.99,24.28,24.99,24.57,0.76,0.03,-21.88,3.08,13-31
183,688566,吉贝尔,24.90,0.0,0.03,10800.0,26711900.0,0.03,25.11,24.47,24.70,24.87,1.07,0.01,44.05,2.90,13-31
184,688285,高铁电气,8.53,0.0,0.01,7595,6506200.0,0.02,8.63,8.48,8.48,8.52,0.53,0.01,31.87,2.11,13-31
185,688396,华润微,54.88,0.0,0.06,17500.0,96213900.0,0.01,55.25,54.45,54.55,54.82,0.73,0.0,26.41,3.74,13-31
186,688707,振华新材,47.52,0.0,0.05,27100.0,129000000.0,0.02,48.08,47.14,47.70,47.47,0.70,0.01,15.69,5.51,13-31
187,688282,理工导航,48.08,0.0,0.05,4488,21530100.0,0.02,48.60,47.45,47.72,48.03,1.24,0.02,56.24,2.80,13-31
188,688270,臻镭科技,102.41,0.0,0.10,7125,72524100.0,0.04,103.94,99.86,102.00,102.31,1.01,0.01,117.45,5.49,13-31
189,688128,中国电研,20.87,0.0,0.02,15500.0,32448100.0,0.02,21.19,20.75,20.98,20.85,0.57,0.0,23.63,3.18,13-31
190,688772,珠海冠宇,21.25,0.0,0.02,25200.0,53891700.0,0.02,21.55,21.15,21.28,21.23,0.45,0.0,210.74,3.79,13-31
191,688528,秦川物联,11.08,0.0,0.01,1830,2033700.0,0.02,11.21,11.04,11.21,11.07,0.52,0.0,1357.56,2.48,13-31
192,688668,鼎通科技,63.99,0.0,0.05,2636,16974400.0,0.03,65.17,63.36,64.52,63.94,0.49,0.01,34.77,3.73,13-31
193,688089,嘉必优,52.34,0.0,0.04,3865,20297500.0,0.02,53.15,52.02,52.12,52.30,0.60,0.01,60.50,4.40,13-31
194,688011,新光光电,26.19,0.0,0.02,6703,17679400.0,0.02,26.62,26.10,26.21,26.17,1.15,0.01,439.28,2.13,13-31
195,688170,德龙激光,57.23,0.0,0.04,6139,35429000.0,0.04,58.79,56.51,57.11,57.19,0.82,0.03,128.00,4.63,13-31
196,688793,倍轻松,57.38,0.0,0.04,11600.0,66295100.0,0.04,58.50,56.40,58.15,57.34,1.63,0.05,-46.11,6.33,13-31
197,688222,成都先导,14.71,0.0,0.01,7442,10990300.0,0.02,14.95,14.66,14.68,14.70,0.85,0.0,423.89,4.58,13-31
198,688102,斯瑞新材,16.42,0.0,0.01,8320,13637100.0,0.02,16.52,16.22,16.41,16.41,0.64,0.02,84.39,6.76,13-31
199,688109,品茗科技,33.28,0.0,0.02,1940,6468700.0,0.03,33.71,32.78,33.38,33.26,0.80,0.01,-25.63,2.18,13-31
200,688617,惠泰医疗,339.04,0.0,0.18,2535,85388300.0,0.04,341.87,330.01,336.01,338.86,0.90,0.01,65.06,13.65,13-31
202,688330,宏力达,69.31,0.0,0.03,2879,20042700.0,0.01,70.11,69.12,69.39,69.28,0.56,0.01,18.14,1.98,13-31
203,688538,和辉光电-U,2.65,0.0,0.00,89600.0,23766700.0,0.01,2.66,2.64,2.64,2.65,0.48,0.0,-22.93,2.33,13-31
204,688522,纳睿雷达,0,0,0,0,0,0,0,0,0,46.68,0,0.0,51.36,9.91,13-31
205,688502,茂莱光学,0,0,0,0,0,0,0,0,0,0,0,0.0,0,0,13-31
206,688278,特宝生物,48.45,0.0,0.00,7964,38241300.0,0.03,48.99,47.51,48.99,48.45,0.63,0.0,73.76,14.92,13-31
207,688217,睿昂基因,48.42,0.0,0.00,4294,20576900.0,0.03,48.80,47.30,48.67,48.42,0.61,0.01,55.11,2.89,13-31
208,688003,天准科技,-39.37,-0.0,-0.01,13100.0,52026400.0,0.03,40.09,39.03,39.55,39.38,0.90,0.01,193.60,4.94,13-31
209,688082,盛美上海,-84.85,-0.0,-0.03,9411,80289200.0,0.02,86.36,84.31,84.78,84.88,0.59,0.01,62.58,6.96,13-31
210,688333,铂力特,-153.31,-0.0,-0.07,6183,93981800.0,0.04,154.98,148.83,154.98,153.38,1.57,0.01,-593.66,12.58,13-31
211,688981,中芯国际,-42.24,-0.0,-0.02,70200.0,298000000.0,0.01,42.57,42.20,42.27,42.26,0.79,0.0,27.55,2.51,13-31
212,688268,华特气体,-76.97,-0.0,-0.04,5891,45562200.0,0.02,78.10,76.61,77.02,77.01,0.61,0.0,37.33,6.03,13-31
213,688298,东方生物,-77.55,-0.0,-0.05,9054,70436700.0,0.02,78.50,77.20,77.73,77.60,0.66,0.01,3.20,1.41,13-31
214,688080,映翰通,-48.15,-0.0,-0.04,6961,33897400.0,0.02,49.16,48.00,48.20,48.19,1.40,0.01,37.59,3.14,13-31
215,688002,睿创微纳,-44.89,-0.0,-0.04,18600.0,83805200.0,0.03,45.80,44.55,45.16,44.93,0.83,0.0,82.33,5.39,13-31
216,688233,神工股份,-43.68,-0.0,-0.04,10900.0,48291000.0,0.03,44.70,43.30,43.56,43.72,1.00,0.01,43.10,4.43,13-31
217,688106,金宏气体,-20.56,-0.0,-0.02,21800.0,45497400.0,0.04,21.13,20.41,20.72,20.58,1.08,0.01,44.34,3.63,13-31
218,688626,翔宇医疗,-39.06,-0.0,-0.04,5933,22977200.0,0.03,39.45,38.12,39.10,39.10,0.56,0.01,51.57,3.25,13-31
219,688459,哈铁科技,-9.22,-0.0,-0.01,14200.0,13091400.0,0.0,9.24,9.20,9.22,9.23,1.16,0.02,38.39,1.36,13-31
220,688092,爱科科技,-27.35,-0.0,-0.03,2548,7047600.0,0.02,27.88,27.30,27.51,27.38,0.77,0.01,29.51,3.07,13-31
221,688317,之江生物,-33.80,-0.0,-0.04,13200.0,44895400.0,0.01,34.12,33.62,33.83,33.84,0.74,0.01,7.86,1.62,13-31
222,688075,安旭生物,-87.54,-0.0,-0.11,2724,23900300.0,0.01,88.45,87.16,87.80,87.65,0.57,0.01,1.90,1.43,13-31
223,688353,华盛锂电,-69.11,-0.0,-0.09,3977,27649600.0,0.02,70.20,68.91,69.18,69.20,0.60,0.01,25.26,1.98,13-31
224,688499,利元亨,-166.18,-0.0,-0.22,4367,72533500.0,0.02,167.35,164.82,167.00,166.40,0.79,0.01,38.82,6.22,13-31
225,688067,爱威科技,-21.29,-0.0,-0.03,2180,4667700.0,0.02,21.66,21.24,21.66,21.32,0.56,0.01,45.50,3.01,13-31
226,688063,派能科技,-265.50,-0.0,-0.38,12600.0,332000000.0,0.03,267.45,260.01,265.29,265.88,0.70,0.02,54.23,5.40,13-31
227,688456,有研粉材,-33.61,-0.0,-0.05,5280,17800800.0,0.03,34.22,33.30,33.85,33.66,0.45,0.01,59.10,3.09,13-31
228,688258,卓易信息,-45.45,-0.0,-0.07,11200.0,51717400.0,0.06,47.59,45.01,46.00,45.52,1.03,0.01,93.95,4.34,13-31
229,688211,中科微至,-42.62,-0.0,-0.08,3888,16589500.0,0.01,42.96,42.50,42.95,42.70,0.54,0.01,224.36,1.47,13-31
230,688306,均普智能,-5.32,-0.0,-0.01,40900.0,21889200.0,0.02,5.40,5.30,5.31,5.33,1.01,0.01,75.68,3.36,13-31
231,688005,容百科技,-72.59,-0.0,-0.14,25900.0,189000000.0,0.02,73.90,72.22,72.57,72.73,0.96,0.01,26.74,5.10,13-31
232,688026,洁特生物,-25.81,-0.0,-0.05,5921,15360700.0,0.02,26.34,25.70,25.86,25.86,0.58,0.0,31.74,3.57,13-31
233,688277,天智航-U,-14.65,-0.0,-0.03,24600.0,36221100.0,0.02,14.88,14.52,14.75,14.68,0.66,0.01,-56.02,6.65,13-31
234,688085,三友医疗,-29.10,-0.0,-0.06,4404,12835400.0,0.02,29.39,28.91,29.39,29.16,0.43,0.0,39.56,3.71,13-31
235,688485,九州一轨,-17.75,-0.0,-0.04,8583,15284400.0,0.01,17.96,17.71,17.71,17.79,0.63,0.03,93.61,2.05,13-31
236,688367,工大高科,-17.70,-0.0,-0.04,8684,15436000.0,0.02,17.98,17.61,17.64,17.74,1.71,0.01,48.22,2.88,13-31
237,688390,固德威,-380.74,-0.0,-0.89,13800.0,514000000.0,0.05,382.50,363.55,379.50,381.63,1.40,0.02,127.86,25.17,13-31
238,688158,优刻得-W,-20.30,-0.0,-0.05,358100.0,756000000.0,0.1,22.09,19.97,20.34,20.35,1.61,0.1,-19.71,3.02,13-31
239,688061,灿瑞科技,-89.18,-0.0,-0.22,3814,34219400.0,0.01,90.50,89.18,89.50,89.40,0.59,0.02,35.21,2.66,13-31
240,688099,晶晨股份,-83.69,-0.0,-0.21,14600.0,124000000.0,0.04,86.48,83.30,83.30,83.90,0.66,0.0,38.16,7.18,13-31
241,688391,钜泉科技,-121.42,-0.0,-0.33,3908,47665800.0,0.03,123.44,120.25,121.00,121.75,0.78,0.03,35.42,3.59,13-31
242,688510,航亚科技,-17.46,-0.0,-0.05,9680,17026800.0,0.03,17.85,17.34,17.51,17.51,1.69,0.01,385.76,4.78,13-31
243,688012,中微公司,-107.56,-0.0,-0.32,19000.0,204000000.0,0.02,108.80,106.60,107.21,107.88,0.41,0.0,62.69,4.40,13-31
245,688678,福立旺,-23.21,-0.0,-0.07,10100.0,23607800.0,0.03,23.65,22.91,23.28,23.28,0.65,0.01,27.95,2.84,13-31
246,688392,骄成超声,-120.23,-0.0,-0.37,2324,28013800.0,0.02,122.00,119.50,120.60,120.60,0.54,0.01,86.44,5.71,13-31
247,688588,凌志软件,-12.40,-0.0,-0.04,41200.0,52009300.0,0.04,12.87,12.36,12.49,12.44,0.89,0.02,47.40,3.91,13-31
248,688557,兰剑智能,-34.09,-0.0,-0.11,4712,16013500.0,0.02,34.34,33.75,34.28,34.20,0.85,0.01,42.37,2.61,13-31
249,688108,赛诺医疗,-6.19,-0.0,-0.02,31400.0,19544900.0,0.02,6.27,6.17,6.18,6.21,0.84,0.01,-17.47,3.09,13-31
250,688057,金达莱,-15.21,-0.0,-0.05,7335,11220000.0,0.02,15.41,15.17,15.31,15.26,0.59,0.01,18.14,1.35,13-31
251,688739,成大生物,-33.36,-0.0,-0.11,12000.0,40320600.0,0.01,33.68,33.33,33.46,33.47,1.00,0.01,17.69,1.46,13-31
252,688059,华锐精密,-162.95,-0.0,-0.56,1022,16480200.0,0.03,164.02,158.80,163.50,163.51,0.45,0.0,50.26,7.60,13-31
253,688215,瑞晟智能,-34.86,-0.0,-0.12,1799,6342300.0,0.02,35.63,34.85,35.18,34.98,0.94,0.01,119.36,3.17,13-31
254,688190,云路股份,-89.00,-0.0,-0.31,2138,19129100.0,0.03,90.98,88.31,89.30,89.31,0.94,0.0,52.95,5.49,13-31
255,688195,腾景科技,-25.76,-0.0,-0.09,7337,19135300.0,0.03,26.43,25.70,26.19,25.85,0.81,0.01,57.07,3.79,13-31
256,688689,银河微电,-27.60,-0.0,-0.10,7517,20907000.0,0.03,28.15,27.41,27.70,27.70,0.84,0.02,41.59,3.23,13-31
257,688571,杭华股份,-8.04,-0.0,-0.03,16300.0,13205100.0,0.03,8.23,8.00,8.12,8.07,0.67,0.01,32.32,1.84,13-31
258,688613,奥精医疗,-26.47,-0.0,-0.10,9903,26426000.0,0.02,26.87,26.43,26.54,26.57,0.83,0.01,40.67,2.77,13-31
259,688318,财富趋势,-131.39,-0.0,-0.54,17400.0,228000000.0,0.04,134.00,129.27,130.39,131.93,1.16,0.06,137.61,3.98,13-31
260,688345,博力威,-52.84,-0.0,-0.22,4941,26135800.0,0.03,53.68,52.13,52.58,53.06,0.83,0.02,32.52,4.30,13-31
262,688115,思林杰,-42.82,-0.0,-0.18,1491,6432200.0,0.02,43.40,42.50,43.01,43.00,0.56,0.01,38.69,2.14,13-31
263,688038,中科通达,-14.14,-0.0,-0.06,23000.0,33007300.0,0.03,14.52,14.09,14.28,14.20,0.71,0.03,295.47,2.24,13-31
264,688266,泽璟制药-U,-48.86,-0.0,-0.21,9042,44317700.0,0.02,49.44,48.65,49.44,49.07,0.67,0.01,-24.18,13.91,13-31
265,688565,力源科技,-9.23,-0.0,-0.04,10700.0,9957700.0,0.02,9.38,9.19,9.28,9.27,0.43,0.01,-261.21,2.34,13-31
266,688093,世华科技,-20.61,-0.0,-0.09,7417,15427600.0,0.02,21.03,20.53,20.80,20.70,0.60,0.01,26.32,3.61,13-31
267,688187,时代电气,-51.37,-0.0,-0.23,19200.0,99267700.0,0.02,52.15,51.23,51.67,51.60,0.84,0.01,34.92,2.16,13-31
268,688230,芯导科技,-62.05,-0.0,-0.28,2197,13765300.0,0.02,63.19,61.82,62.33,62.33,0.61,0.01,38.59,2.42,13-31
269,688183,生益电子,-10.99,-0.0,-0.05,8764,9683200.0,0.02,11.15,10.92,11.05,11.04,0.79,0.0,29.22,2.24,13-31
270,688425,铁建重工,-4.28,-0.0,-0.02,137300.0,58822700.0,0.01,4.32,4.26,4.31,4.30,0.98,0.01,12.20,1.52,13-31
271,688455,科捷智能,-14.89,-0.0,-0.07,5016,7509000.0,0.01,15.05,14.87,14.95,14.96,0.80,0.01,-123.00,2.21,13-31
272,688117,圣诺生物,-26.63,-0.0,-0.13,6708,18008400.0,0.03,27.26,26.49,26.85,26.76,1.07,0.01,40.96,2.66,13-31
273,688281,华秦科技,-282.41,-0.0,-1.38,1067,30184700.0,0.02,285.86,281.29,283.97,283.79,0.82,0.0,98.95,7.18,13-31
274,688428,诺诚健华-U,-12.17,-0.0,-0.06,50800.0,61881300.0,0.01,12.29,12.12,12.25,12.23,0.43,0.02,-19.31,2.78,13-31
276,688378,奥来德,-57.40,-0.01,-0.29,12600.0,72888000.0,0.05,59.50,56.60,57.79,57.69,0.86,0.02,39.49,3.52,13-31
277,688366,昊海生科,-106.20,-0.01,-0.56,3141,33252800.0,0.03,107.57,104.90,107.03,106.76,0.60,0.01,84.34,3.27,13-31
278,688276,百克生物,-62.43,-0.01,-0.33,6698,41917900.0,0.01,63.02,62.20,63.02,62.76,0.69,0.0,91.26,7.19,13-31
279,688088,虹软科技,-27.54,-0.01,-0.15,30300.0,84603000.0,0.04,28.50,27.40,27.92,27.69,0.89,0.01,157.44,4.37,13-31
280,688265,南模生物,-53.22,-0.01,-0.29,443.0,2365000.0,0.01,53.71,53.20,53.36,53.51,0.34,0.0,399.69,2.35,13-31
281,688177,百奥泰,-26.15,-0.01,-0.15,5923,15550800.0,0.03,26.70,25.91,26.39,26.30,1.12,0.0,-31.77,5.91,13-31
282,688053,思科瑞,-69.59,-0.01,-0.40,2523,17617300.0,0.02,70.43,69.08,69.08,69.99,0.38,0.01,63.12,4.21,13-31
283,688232,新点软件,-51.69,-0.01,-0.30,14800.0,76158200.0,0.02,52.18,51.02,51.99,51.99,0.66,0.02,71.42,3.27,13-31
284,688393,安必平,-27.03,-0.01,-0.16,4079,11049300.0,0.03,27.55,26.80,27.55,27.19,0.39,0.01,43.36,2.05,13-31
285,688506,百利天恒-U,-69.09,-0.01,-0.41,10700.0,73218000.0,0.08,71.50,66.00,69.58,69.50,0.72,0.03,-85.58,28.38,13-31
286,688399,硕世生物,-90.88,-0.01,-0.54,2190,19981200.0,0.01,91.85,90.50,91.85,91.42,0.64,0.0,2.46,1.49,13-31
287,688271,联影医疗,-171.68,-0.01,-1.03,7931,137000000.0,0.02,174.80,171.05,172.71,172.71,1.09,0.02,118.07,8.47,13-31
288,688681,科汇股份,-16.55,-0.01,-0.10,4926,8202200.0,0.02,16.88,16.49,16.88,16.65,0.38,0.01,-492.66,3.04,13-31
289,688207,格灵深瞳-U,-38.98,-0.01,-0.24,33900.0,134000000.0,0.05,40.46,38.35,39.31,39.22,0.73,0.07,-338.02,3.13,13-31
290,688231,隆达股份,-35.71,-0.01,-0.22,6034,21645600.0,0.01,36.12,35.68,35.81,35.93,0.88,0.01,92.00,3.17,13-31
291,688216,气派科技,-28.94,-0.01,-0.18,7868,22846900.0,0.04,29.65,28.63,29.13,29.12,0.68,0.02,-97.05,3.30,13-31
292,688550,瑞联新材,-52.36,-0.01,-0.33,7211,38173000.0,0.02,53.33,52.32,52.75,52.69,0.44,0.01,18.47,1.77,13-31
293,688609,九联科技,-7.82,-0.01,-0.05,113100.0,89769200.0,0.04,8.10,7.78,8.00,7.87,1.05,0.03,62.06,3.05,13-31
294,688516,奥特维,-192.11,-0.01,-1.23,4674,89958600.0,0.03,195.33,190.27,193.88,193.34,0.57,0.01,46.93,12.95,13-31
295,688348,昱能科技,-466.00,-0.01,-2.99,4801,221000000.0,0.04,468.63,452.04,468.01,468.99,1.08,0.02,110.60,10.39,13-31
296,688212,澳华内镜,-71.04,-0.01,-0.46,2946,20983500.0,0.02,72.00,70.52,71.63,71.50,0.33,0.0,827.81,7.62,13-31
297,688234,天岳先进,-84.44,-0.01,-0.55,7632,64249600.0,0.03,85.83,83.60,85.01,84.99,0.52,0.01,-231.94,6.84,13-31
298,688296,和达科技,-29.06,-0.01,-0.19,2509,7357200.0,0.03,29.80,28.81,29.30,29.25,0.95,0.0,49.73,4.22,13-31
299,688607,康众医疗,-22.83,-0.01,-0.15,7528,17312600.0,0.04,23.40,22.59,23.05,22.98,0.49,0.01,-420.09,2.38,13-31
300,688578,艾力斯-U,-22.83,-0.01,-0.15,13200.0,30200300.0,0.01,23.08,22.75,22.83,22.98,0.52,0.01,142.87,3.33,13-31
301,688568,中科星图,-67.42,-0.01,-0.46,6468,43880900.0,0.03,69.38,67.01,68.50,67.88,0.73,0.0,174.10,5.42,13-31
302,688118,普元信息,-21.98,-0.01,-0.15,10500.0,23496500.0,0.04,22.79,21.88,22.26,22.13,0.79,0.01,-55.47,2.49,13-31
303,688068,热景生物,-60.91,-0.01,-0.42,9789,59824600.0,0.02,61.70,60.51,61.46,61.33,0.85,0.01,3.82,1.58,13-31
305,688669,聚石化学,-27.80,-0.01,-0.20,31200.0,89440200.0,0.06,29.40,27.60,28.47,28.00,0.80,0.07,48.81,1.70,13-31
306,688633,星球石墨,-50.36,-0.01,-0.37,3125,15790400.0,0.03,51.60,50.15,50.70,50.73,0.98,0.01,26.03,2.84,13-31
307,688328,深科达,-23.10,-0.01,-0.17,6937,16199600.0,0.03,23.65,23.00,23.29,23.27,0.89,0.01,170.74,2.46,13-31
308,688062,迈威生物-U,-18.83,-0.01,-0.14,7726,14644100.0,0.02,19.12,18.77,18.97,18.97,0.31,0.0,-7.89,2.14,13-31
309,688426,康为世纪,-45.64,-0.01,-0.34,9162,42081900.0,0.06,47.49,44.86,46.00,45.98,1.26,0.05,22.04,2.42,13-31
310,688380,中微半导,-29.20,-0.01,-0.22,10900.0,32058200.0,0.02,29.57,29.10,29.32,29.42,0.59,0.02,124.80,3.66,13-31
311,688466,金科环境,-21.12,-0.01,-0.16,15600.0,32988400.0,0.03,21.49,20.85,21.28,21.28,0.71,0.03,26.65,2.01,13-31
312,688107,安路科技-U,-67.19,-0.01,-0.51,15800.0,109000000.0,0.04,69.81,67.00,67.91,67.70,0.76,0.01,327.25,16.86,13-31
313,688323,瑞华泰,-25.80,-0.01,-0.20,6097,15719500.0,0.03,26.18,25.50,26.10,26.00,0.62,0.01,98.48,4.52,13-31
314,688126,沪硅产业-U,-20.50,-0.01,-0.16,52800.0,108000000.0,0.02,20.78,20.31,20.68,20.66,0.75,0.0,333.47,4.35,13-31
315,688728,格科微,-17.93,-0.01,-0.14,17600.0,31531200.0,0.02,18.13,17.84,18.05,18.07,0.82,0.0,60.50,5.59,13-31
316,688356,键凯科技,-171.50,-0.01,-1.34,4767,81875000.0,0.03,174.76,169.77,174.00,172.84,1.00,0.01,46.94,8.67,13-31
317,688152,麒麟信安,-215.40,-0.01,-1.70,4922,107000000.0,0.04,222.10,214.30,215.00,217.10,0.95,0.04,116.40,8.99,13-31
319,688205,德科立,-52.88,-0.01,-0.42,8771,46643200.0,0.02,53.74,52.51,53.30,53.30,0.60,0.04,46.93,2.76,13-31
320,688579,山大地纬,-11.24,-0.01,-0.09,58100.0,66522300.0,0.06,11.85,11.15,11.36,11.33,0.96,0.02,137.31,3.56,13-31
321,688513,苑东生物,-56.54,-0.01,-0.46,3646,20644400.0,0.02,57.22,56.28,57.22,57.00,1.67,0.01,26.05,2.84,13-31
322,688598,金博股份,-223.64,-0.01,-1.86,4665,104000000.0,0.02,225.90,222.10,225.68,225.50,0.77,0.01,31.76,3.49,13-31
323,688419,耐科装备,-35.44,-0.01,-0.30,5220,18653600.0,0.03,36.08,35.18,35.80,35.74,0.61,0.03,49.85,3.13,13-31
325,688337,普源精电-U,-98.82,-0.01,-0.88,3334,33204100.0,0.03,101.53,98.06,99.08,99.70,0.94,0.01,179.32,4.78,13-31
326,688432,有研硅,-15.44,-0.01,-0.14,37200.0,57860900.0,0.02,15.70,15.41,15.50,15.58,0.45,0.03,54.83,4.84,13-31
327,688359,三孚新科,-64.49,-0.01,-0.59,4169,26963300.0,0.03,65.80,63.64,65.80,65.08,0.60,0.01,-125.68,12.87,13-31
328,688069,德林海,-28.37,-0.01,-0.26,1266,3614900.0,0.02,28.87,28.31,28.64,28.63,0.77,0.0,31.39,1.59,13-31
329,688382,益方生物-U,-17.44,-0.01,-0.16,8244,14506500.0,0.03,17.80,17.36,17.80,17.60,0.37,0.01,-19.53,4.35,13-31
330,688332,中科蓝讯,-61.26,-0.01,-0.57,3020,18602900.0,0.02,62.22,60.91,61.88,61.83,0.41,0.01,46.67,2.09,13-31
331,688221,前沿生物-U,-14.98,-0.01,-0.14,26800.0,40319900.0,0.02,15.23,14.95,15.17,15.12,0.78,0.01,-18.58,3.11,13-31
332,688020,方邦股份,-68.99,-0.01,-0.66,10800.0,75894800.0,0.05,71.50,68.30,70.02,69.65,1.18,0.01,-77.02,3.54,13-31
333,688409,富创精密,-113.90,-0.01,-1.10,6092,69635300.0,0.02,115.81,113.12,115.68,115.00,0.40,0.01,109.37,2.97,13-31
334,688363,华熙生物,-126.99,-0.01,-1.23,23000.0,292000000.0,0.02,128.77,125.79,128.25,128.22,0.99,0.01,67.64,9.70,13-31
335,688799,华纳药厂,-35.03,-0.01,-0.34,5777,20345200.0,0.01,35.46,35.01,35.24,35.37,0.70,0.01,19.85,2.14,13-31
336,688379,华光新材,-20.30,-0.01,-0.20,7320,14962800.0,0.04,20.90,20.15,20.90,20.50,0.60,0.02,-103.84,2.06,13-31
337,688261,东微半导,-240.41,-0.01,-2.39,3219,78945900.0,0.04,249.89,240.16,242.80,242.80,0.87,0.01,60.73,5.89,13-31
338,688010,福光股份,-23.08,-0.01,-0.23,6929,16147600.0,0.02,23.60,23.05,23.32,23.31,0.69,0.0,136.61,1.99,13-31
339,688556,高测股份,-73.03,-0.01,-0.73,19900.0,146000000.0,0.02,74.20,72.76,74.00,73.76,1.43,0.01,29.16,10.59,13-31
340,688171,纬德信息,-21.90,-0.01,-0.22,6053,13430100.0,0.03,22.44,21.85,22.37,22.12,0.92,0.02,56.29,2.25,13-31
343,688560,明冠新材,-47.65,-0.01,-0.48,25800.0,122000000.0,0.03,48.21,46.89,48.12,48.13,0.68,0.03,53.44,3.03,13-31
344,688201,信安世纪,-59.55,-0.01,-0.60,6061,36264200.0,0.04,61.62,59.00,59.57,60.15,0.64,0.01,113.12,7.92,13-31
345,688070,纵横股份,-47.46,-0.01,-0.48,4697,22503400.0,0.03,48.75,47.11,47.60,47.94,0.74,0.01,-393.28,6.01,13-31
346,688219,会通股份,-9.80,-0.01,-0.10,9501,9364400.0,0.01,9.93,9.79,9.90,9.90,0.81,0.0,76.45,2.71,13-31
347,688259,创耀科技,-78.86,-0.01,-0.81,2601,20760300.0,0.03,80.77,78.66,79.42,79.67,0.56,0.0,66.45,4.30,13-31
348,688480,赛恩斯,-26.09,-0.01,-0.27,7812,20433600.0,0.04,26.82,25.65,26.36,26.36,0.96,0.04,37.46,2.87,13-31
349,688228,开普云,-45.12,-0.01,-0.47,21900.0,99840500.0,0.05,46.95,44.50,44.72,45.59,0.63,0.07,167.75,2.53,13-31
350,688100,威胜信息,-27.63,-0.01,-0.29,11400.0,31653000.0,0.02,28.00,27.36,27.92,27.92,0.82,0.0,36.45,5.01,13-31
351,688087,英科再生,-41.41,-0.01,-0.44,5172,21742100.0,0.04,42.99,41.31,42.00,41.85,0.50,0.01,19.90,2.70,13-31
352,688448,磁谷科技,-25.57,-0.01,-0.29,1923,4956500.0,0.02,25.93,25.53,25.87,25.86,0.57,0.01,65.46,2.00,13-31
353,688116,天奈科技,-72.87,-0.01,-0.83,26400.0,194000000.0,0.03,75.00,72.86,73.83,73.70,1.14,0.01,38.76,7.29,13-31
354,688488,艾迪药业,-11.38,-0.01,-0.13,10200.0,11692100.0,0.02,11.56,11.37,11.50,11.51,0.64,0.0,-46.56,3.84,13-31
355,688699,明微电子,-54.82,-0.01,-0.63,9754,54016800.0,0.03,56.38,54.53,55.70,55.45,0.66,0.02,77.97,3.83,13-31
356,688175,高凌信息,-43.12,-0.01,-0.50,11000.0,48057200.0,0.06,44.88,42.45,43.35,43.62,1.12,0.06,71.78,2.23,13-31
357,688618,三旺通信,-92.04,-0.01,-1.08,1481,13808200.0,0.04,94.45,91.00,93.13,93.12,0.57,0.01,56.53,6.15,13-31
358,688065,凯赛生物,-66.00,-0.01,-0.79,5445,36253900.0,0.03,67.50,65.80,66.78,66.79,0.79,0.0,59.39,3.54,13-31
359,688137,近岸蛋白,-82.34,-0.01,-0.99,1586,13093400.0,0.01,83.21,82.16,82.99,83.33,0.35,0.01,48.10,2.63,13-31
360,688313,仕佳光子,-11.47,-0.01,-0.14,68600.0,79473600.0,0.03,11.75,11.42,11.54,11.61,0.52,0.02,79.53,4.36,13-31
361,688209,英集芯,-22.11,-0.01,-0.27,5737,12804200.0,0.03,22.64,22.02,22.39,22.38,0.69,0.01,59.99,5.47,13-31
362,688290,景业智能,-78.04,-0.01,-0.96,1177,9267100.0,0.03,80.39,77.63,78.92,79.00,0.62,0.01,97.40,6.54,13-31
363,688369,致远互联,-83.54,-0.01,-1.04,4532,37859400.0,0.04,85.98,82.30,83.88,84.58,1.18,0.01,174.38,4.64,13-31
364,688004,博汇科技,-28.05,-0.01,-0.35,10700.0,30038800.0,0.05,28.98,27.60,28.47,28.40,0.77,0.03,-38.20,2.24,13-31
365,688585,上纬新材,-9.55,-0.01,-0.12,5984,5759300.0,0.02,9.70,9.50,9.68,9.67,0.87,0.01,50.01,3.46,13-31
366,688559,海目星,-61.22,-0.01,-0.77,28900.0,177000000.0,0.03,62.08,60.34,62.08,61.99,0.89,0.02,42.00,6.71,13-31
367,688786,悦安新材,-51.35,-0.01,-0.65,3305,17011600.0,0.03,52.55,51.01,52.00,52.00,0.78,0.01,41.54,6.91,13-31
368,688628,优利德,-39.48,-0.01,-0.50,7560,29913900.0,0.03,40.30,39.19,40.30,39.98,0.57,0.02,37.08,4.11,13-31
369,688608,恒玄科技,-129.44,-0.01,-1.65,5403,70222700.0,0.03,132.34,128.01,131.88,131.09,0.61,0.01,77.58,2.59,13-31
370,688225,亚信安全,-21.12,-0.01,-0.27,9788,20903300.0,0.04,21.80,20.96,21.49,21.39,0.81,0.01,-38.06,3.52,13-31
371,688016,心脉医疗,-203.33,-0.01,-2.60,4563,92252600.0,0.04,206.33,198.50,205.11,205.93,1.10,0.01,36.48,8.81,13-31
372,688213,思特威-W,-47.67,-0.01,-0.61,3718,17803000.0,0.04,49.35,47.19,48.37,48.28,0.68,0.01,-343.30,5.04,13-31
373,688047,龙芯中科,-113.25,-0.01,-1.45,13200.0,152000000.0,0.04,117.80,113.08,114.70,114.70,0.64,0.04,466.27,11.63,13-31
374,688122,西部超导,-90.24,-0.01,-1.16,20900.0,191000000.0,0.03,92.66,90.19,91.30,91.40,1.12,0.0,36.59,7.27,13-31
375,688489,三未信安,-118.97,-0.01,-1.53,4067,48485300.0,0.04,122.02,117.66,119.94,120.50,0.67,0.03,230.45,5.08,13-31
376,688500,慧辰股份,-28.71,-0.01,-0.37,15200.0,44681600.0,0.05,29.92,28.60,28.82,29.08,0.82,0.04,-174.57,1.90,13-31
377,688468,科美诊断,-13.92,-0.01,-0.18,9229,12922500.0,0.02,14.13,13.85,13.96,14.10,0.44,0.0,35.40,4.16,13-31
378,688416,恒烁股份,-48.10,-0.01,-0.63,12800.0,62399000.0,0.04,49.80,47.88,49.10,48.73,0.51,0.07,63.92,2.32,13-31
379,688197,首药控股-U,-41.86,-0.01,-0.55,6984,29898000.0,0.06,44.21,41.74,42.30,42.41,0.73,0.02,-39.18,4.94,13-31
380,688163,赛伦生物,-25.18,-0.01,-0.34,3450,8738300.0,0.02,25.73,25.12,25.38,25.52,0.57,0.01,32.56,2.43,13-31
381,688139,海尔生物,-75.40,-0.01,-1.00,4885,36937900.0,0.03,76.80,74.80,76.80,76.40,0.58,0.0,38.96,6.15,13-31
383,688037,芯源微,-208.67,-0.01,-2.82,8735,183000000.0,0.04,214.88,206.88,212.02,211.49,0.65,0.01,101.34,9.45,13-31
384,688383,新益昌,-111.37,-0.01,-1.53,3370,37853600.0,0.03,114.45,111.19,112.89,112.90,0.66,0.01,40.93,8.20,13-31
385,688049,炬芯科技,-31.98,-0.01,-0.44,11700.0,37807000.0,0.02,32.64,31.92,32.36,32.42,0.60,0.01,60.14,2.21,13-31
386,688227,品高股份,-25.94,-0.01,-0.36,19000.0,49919900.0,0.08,27.57,25.37,26.20,26.30,1.32,0.03,-143.52,2.13,13-31
387,688172,燕东微,-21.44,-0.01,-0.30,38000.0,81989700.0,0.02,21.87,21.39,21.70,21.74,0.70,0.03,44.03,1.79,13-31
388,688081,兴图新科,-22.84,-0.01,-0.32,6708,15473200.0,0.04,23.67,22.71,23.12,23.16,0.79,0.01,-31.84,2.65,13-31
389,688252,天德钰,-18.94,-0.01,-0.27,12800.0,24646100.0,0.04,19.75,18.93,19.24,19.21,0.69,0.04,37.13,4.17,13-31
390,688420,美腾科技,-40.60,-0.01,-0.58,3558,14543600.0,0.03,41.69,40.59,41.54,41.18,0.92,0.02,32.52,2.56,13-31
391,688031,星环科技-U,-83.34,-0.01,-1.21,10700.0,91863700.0,0.06,87.88,83.17,83.77,84.55,0.77,0.04,-33.49,5.74,13-31
392,688316,青云科技-U,-40.88,-0.01,-0.60,19600.0,82369700.0,0.08,43.44,40.32,40.61,41.48,0.96,0.06,-6.96,4.96,13-31
393,688403,汇成股份,-11.54,-0.01,-0.17,35800.0,41630000.0,0.02,11.76,11.50,11.65,11.71,0.67,0.03,50.77,3.37,13-31
394,688167,炬光科技,-110.78,-0.01,-1.65,6516,73513500.0,0.04,115.43,110.59,112.80,112.43,0.67,0.01,69.83,4.15,13-31
395,688251,井松智能,-32.75,-0.01,-0.49,3032,10009100.0,0.02,33.25,32.71,33.19,33.24,1.10,0.02,62.04,2.69,13-31
396,688475,萤石网络,-36.03,-0.01,-0.54,20500.0,75074300.0,0.03,37.17,36.03,36.21,36.57,0.82,0.02,69.39,4.26,13-31
397,688131,皓元医药,-126.35,-0.01,-1.92,4345,54838800.0,0.03,128.73,125.01,128.73,128.27,0.53,0.01,64.23,5.93,13-31
398,688630,芯碁微装,-85.20,-0.01,-1.30,9981,84841900.0,0.04,87.39,84.00,86.09,86.50,1.12,0.01,87.93,10.31,13-31
399,688178,万德斯,-20.28,-0.02,-0.31,4546,9270000.0,0.02,20.60,20.21,20.60,20.59,0.97,0.01,25.02,1.38,13-31
400,688286,敏芯股份,-64.75,-0.02,-1.01,5226,34128700.0,0.04,67.48,64.53,66.51,65.76,0.49,0.01,-136.55,3.24,13-31
402,688130,晶华微,-46.11,-0.02,-0.72,4188,19485500.0,0.03,47.19,46.01,46.89,46.83,1.00,0.03,55.23,2.31,13-31
403,688325,赛微微电,-49.22,-0.02,-0.77,2181,10836400.0,0.04,50.83,49.01,49.94,49.99,0.38,0.01,115.33,2.43,13-31
404,688381,帝奥微,-42.83,-0.02,-0.68,8198,35469200.0,0.04,44.30,42.70,43.54,43.51,0.65,0.01,50.26,3.48,13-31
405,688680,海优新材,-197.77,-0.02,-3.18,7299,144000000.0,0.03,200.80,195.12,199.60,200.95,0.80,0.01,93.44,6.96,13-31
406,688580,伟思医疗,-65.83,-0.02,-1.06,2977,19587800.0,0.03,66.96,65.27,66.87,66.89,0.92,0.01,54.50,2.99,13-31
407,688200,华峰测控,-275.56,-0.02,-4.44,5000,138000000.0,0.04,283.45,273.50,280.46,280.00,1.10,0.01,47.80,8.00,13-31
408,688521,芯原股份-U,-61.41,-0.02,-0.99,27800.0,173000000.0,0.04,63.30,61.06,62.38,62.40,0.67,0.01,699.50,10.75,13-31
409,688147,微导纳米,-34.48,-0.02,-0.56,24400.0,84462200.0,0.04,35.33,34.00,35.04,35.04,0.90,0.06,-3610.82,8.23,13-31
410,688687,凯因科技,-28.55,-0.02,-0.47,7197,20689800.0,0.03,29.14,28.16,28.54,29.02,0.35,0.01,53.51,2.87,13-31
411,688076,诺泰生物,-28.53,-0.02,-0.47,19600.0,55898400.0,0.04,29.40,28.20,28.95,29.00,0.55,0.01,85.75,3.32,13-31
412,688084,晶品特装,-96.11,-0.02,-1.59,4256,40961200.0,0.03,97.97,94.58,96.00,97.70,0.83,0.02,282.13,4.36,13-31
413,688220,翱捷科技-U,-63.72,-0.02,-1.06,25200.0,163000000.0,0.03,65.59,63.51,64.95,64.78,0.63,0.01,-107.43,3.53,13-31
414,688196,卓越新能,-61.28,-0.02,-1.02,7760,47451400.0,0.03,62.18,60.36,60.65,62.30,1.03,0.03,16.33,2.64,13-31
415,688700,东威科技,-114.57,-0.02,-1.92,25000.0,282000000.0,0.04,116.98,111.80,116.81,116.49,2.30,0.03,78.05,17.93,13-31
416,688601,力芯微,-74.51,-0.02,-1.25,7505,56848500.0,0.03,76.98,74.50,75.99,75.76,0.69,0.02,32.34,6.04,13-31
417,688658,悦康药业,-20.02,-0.02,-0.34,18700.0,37712800.0,0.02,20.38,19.95,20.38,20.36,0.83,0.01,20.14,2.24,13-31
418,688110,东芯股份,-29.43,-0.02,-0.50,29800.0,88564600.0,0.03,30.25,29.41,29.92,29.93,0.70,0.01,36.01,3.24,13-31
419,688018,乐鑫科技,-108.94,-0.02,-1.86,4328,47468700.0,0.03,111.56,108.08,110.78,110.80,0.60,0.01,78.43,4.83,13-31
420,688315,诺禾致源,-31.92,-0.02,-0.55,6357,20446800.0,0.05,33.20,31.73,33.20,32.47,0.97,0.01,84.91,6.70,13-31
421,688683,莱尔科技,-24.56,-0.02,-0.43,5343,13218300.0,0.03,25.20,24.51,25.20,24.99,0.39,0.01,72.30,3.88,13-31
422,688045,必易微,-65.00,-0.02,-1.14,4701,31144100.0,0.06,68.45,64.30,66.42,66.14,1.08,0.03,95.63,3.30,13-31
423,688401,路维光电,-45.53,-0.02,-0.80,7776,35871900.0,0.03,47.00,45.51,46.66,46.33,0.83,0.03,53.48,4.64,13-31
424,688123,聚辰股份,-85.90,-0.02,-1.53,15100.0,131000000.0,0.03,88.29,85.68,86.50,87.43,0.57,0.01,30.15,5.82,13-31
425,688039,当虹科技,-42.98,-0.02,-0.77,12400.0,53962000.0,0.03,44.08,42.78,43.74,43.75,0.82,0.02,-62.47,2.42,13-31
426,688777,中控技术,-86.94,-0.02,-1.56,40900.0,356000000.0,0.04,89.45,86.11,88.30,88.50,2.04,0.01,68.66,8.84,13-31
427,688321,微芯生物,-27.24,-0.02,-0.49,15000.0,41175300.0,0.03,27.99,27.15,27.80,27.73,0.71,0.0,-198.79,7.74,13-31
428,688295,中复神鹰,-44.12,-0.02,-0.80,10600.0,47714000.0,0.04,45.79,44.10,44.79,44.92,1.23,0.01,70.30,8.95,13-31
430,688050,爱博医疗,-220.80,-0.02,-4.03,6794,151000000.0,0.03,226.00,219.41,226.00,224.83,1.31,0.01,100.20,12.48,13-31
431,688161,威高骨科,-66.89,-0.02,-1.24,5804,38644300.0,0.04,68.20,65.58,68.20,68.13,1.03,0.01,45.37,5.61,13-31
432,688048,长光华芯,-123.66,-0.02,-2.34,5010,62575700.0,0.04,127.68,123.04,126.28,126.00,0.53,0.02,132.55,5.23,13-31
433,688235,百济神州-U,-139.33,-0.02,-2.67,15200.0,212000000.0,0.03,142.40,138.10,142.38,142.00,1.52,0.01,-13.56,5.69,13-31
434,688711,宏微科技,-81.40,-0.02,-1.60,6176,50083500.0,0.03,83.00,80.28,82.00,83.00,0.49,0.01,145.48,11.66,13-31
435,688150,莱特光电,-23.83,-0.02,-0.47,15200.0,36379500.0,0.05,24.62,23.52,24.62,24.30,0.96,0.04,79.17,5.74,13-31
436,688253,英诺特,-25.10,-0.02,-0.50,19000.0,48090300.0,0.02,25.67,25.04,25.58,25.60,0.90,0.06,22.66,2.02,13-31
437,688046,药康生物,-27.55,-0.02,-0.55,6910,19015900.0,0.04,28.35,27.20,27.55,28.10,0.63,0.01,66.12,5.82,13-31
438,688133,泰坦科技,-129.38,-0.02,-2.62,7211,94027500.0,0.03,133.70,129.21,133.70,132.00,1.65,0.01,84.47,4.06,13-31
439,688498,源杰科技,-144.99,-0.02,-2.99,4387,63686100.0,0.03,148.39,143.89,148.00,147.98,0.59,0.03,88.26,4.19,13-31
440,688331,荣昌生物,-77.10,-0.02,-1.59,9833,75354200.0,0.04,78.73,75.29,78.04,78.69,1.20,0.02,-45.73,7.97,13-31
441,688682,霍莱沃,-80.32,-0.02,-1.68,2604,21230100.0,0.04,83.60,80.10,81.27,82.00,0.97,0.01,161.27,6.76,13-31
442,688111,金山办公,-276.49,-0.02,-5.80,25400.0,707000000.0,0.05,286.98,274.12,280.00,282.29,1.08,0.01,117.63,15.21,13-31
443,688789,宏华数科,-189.41,-0.02,-3.99,2734,52257700.0,0.05,198.00,188.06,194.40,193.40,0.89,0.01,63.29,6.03,13-31
444,688086,*ST紫晶,-2.35,-0.02,-0.05,16000.0,3790400.0,0.02,2.40,2.35,2.38,2.40,0.70,0.01,-1.79,0.32,13-31
445,688768,容知日新,-123.07,-0.02,-2.65,3884,47856500.0,0.03,126.01,122.00,126.01,125.72,1.61,0.01,113.27,9.91,13-31
446,688800,瑞可达,-104.69,-0.02,-2.29,19800.0,204000000.0,0.06,107.62,101.21,107.62,106.98,3.06,0.03,45.08,6.47,13-31
447,688051,佳华科技,-38.26,-0.02,-0.84,6762,26242700.0,0.04,39.55,37.89,39.08,39.10,0.66,0.03,-27.24,2.40,13-31
448,688120,华海清科,-243.17,-0.02,-5.38,6521,160000000.0,0.03,250.77,242.20,248.70,248.55,0.69,0.03,56.73,5.59,13-31
449,688398,赛特新材,-47.34,-0.02,-1.06,24900.0,118000000.0,0.04,48.40,46.51,48.40,48.40,1.65,0.03,70.03,4.13,13-31
450,688028,沃尔德,-35.23,-0.02,-0.79,6592,23491100.0,0.04,36.47,35.05,36.47,36.02,1.14,0.01,85.42,2.08,13-31
451,688360,德马科技,-28.46,-0.02,-0.64,25700.0,73282500.0,0.04,29.26,28.10,29.10,29.10,2.55,0.06,26.39,2.49,13-31
452,688589,力合微,-40.32,-0.02,-0.91,12700.0,51979200.0,0.03,41.62,40.18,41.35,41.23,0.50,0.02,58.95,5.11,13-31
453,688302,海创药业-U,-54.45,-0.02,-1.25,3682,20212100.0,0.03,55.78,54.34,55.40,55.70,0.49,0.02,-18.17,3.29,13-31
454,688141,杰华特,-49.80,-0.02,-1.15,15500.0,77464500.0,0.04,51.27,49.00,50.99,50.95,1.05,0.03,152.98,7.15,13-31
455,688173,希荻微,-25.40,-0.02,-0.59,8945,22962500.0,0.04,26.22,25.30,25.99,25.99,0.94,0.01,298.21,5.69,13-31
456,688032,禾迈股份,-842.85,-0.02,-19.84,1979,167000000.0,0.03,862.69,835.00,860.23,862.69,0.67,0.01,97.76,7.58,13-31
457,688125,安达智能,-53.35,-0.02,-1.26,4291,23113400.0,0.04,54.99,53.00,54.50,54.61,1.03,0.02,23.06,2.29,13-31
458,688157,松井股份,-108.81,-0.02,-2.59,5571,60597100.0,0.04,111.37,107.01,110.34,111.40,1.30,0.02,106.06,6.96,13-31
459,688001,华兴源创,-33.18,-0.02,-0.80,6952,23338100.0,0.04,34.43,33.14,34.43,33.98,0.76,0.0,35.98,3.96,13-31
460,688365,光云科技,-12.22,-0.02,-0.30,55100.0,68492500.0,0.04,12.64,12.16,12.31,12.52,0.51,0.03,-32.88,5.07,13-31
461,688621,阳光诺和,-102.06,-0.02,-2.58,2787,28634600.0,0.04,105.98,102.01,104.07,104.64,1.15,0.0,51.59,9.08,13-31
463,688373,盟科药业-U,-10.64,-0.02,-0.27,41000.0,43926900.0,0.03,10.90,10.60,10.87,10.91,0.79,0.03,-30.09,5.55,13-31
464,688083,中望软件,-202.90,-0.03,-5.33,2813,57833500.0,0.04,210.48,201.65,209.00,208.23,0.79,0.01,-692.99,6.53,13-31
465,688400,凌云光,-28.45,-0.03,-0.77,35900.0,103000000.0,0.03,29.29,28.32,29.00,29.22,1.05,0.04,62.54,3.44,13-31
466,688248,南网科技,-51.08,-0.03,-1.44,39800.0,204000000.0,0.04,52.74,50.82,52.28,52.52,1.11,0.05,159.12,11.45,13-31
467,688192,迪哲医药-U,-49.88,-0.03,-1.42,4252,21395100.0,0.04,51.60,49.80,51.00,51.30,0.88,0.01,-29.93,10.32,13-31
468,688238,和元生物,-20.63,-0.03,-0.59,14800.0,30805400.0,0.03,21.21,20.53,21.20,21.22,1.03,0.02,225.01,4.71,13-31
469,688244,永信至诚,-61.13,-0.03,-1.75,1873,11654400.0,0.05,63.90,60.93,62.75,62.88,0.92,0.02,-97.58,2.93,13-31
470,688188,柏楚电子,-216.70,-0.03,-6.29,2583,56662400.0,0.05,227.86,215.77,222.24,222.99,1.20,0.0,61.37,7.60,13-31
471,688358,祥生医疗,-40.50,-0.03,-1.18,16400.0,66964000.0,0.05,42.34,40.16,41.68,41.68,1.29,0.01,27.12,3.40,13-31
472,688262,国芯科技,-57.46,-0.03,-1.68,42600.0,250000000.0,0.05,60.20,57.22,59.06,59.14,0.79,0.02,107.02,4.85,13-31
473,688112,鼎阳科技,-83.25,-0.03,-2.45,2410,20150500.0,0.04,86.00,82.82,84.18,85.70,0.89,0.01,66.25,6.14,13-31
474,688206,概伦电子,-28.76,-0.03,-0.86,22200.0,64861200.0,0.04,29.78,28.70,29.43,29.62,1.02,0.02,306.32,5.84,13-31
475,688555,*ST泽达,-3.96,-0.03,-0.12,12200.0,4840300.0,0.03,4.06,3.92,4.05,4.08,1.26,0.03,-5.02,0.41,13-31
476,688525,佰维存储,-21.90,-0.03,-0.68,29700.0,65884200.0,0.04,22.68,21.73,22.40,22.58,0.68,0.09,92.95,3.88,13-31
477,688372,伟测科技,-109.28,-0.03,-3.42,5853,64749100.0,0.04,113.13,108.94,112.99,112.70,0.78,0.03,43.02,4.14,13-31
478,688176,亚虹医药-U,-14.83,-0.03,-0.47,42700.0,64071000.0,0.03,15.30,14.82,15.11,15.30,0.86,0.02,-38.94,2.96,13-31
479,688247,宣泰医药,-16.60,-0.03,-0.53,51000.0,85571000.0,0.04,17.13,16.51,17.10,17.13,0.92,0.12,84.11,6.55,13-31
480,688501,青达环保,-27.80,-0.03,-0.89,7500,21106300.0,0.03,28.61,27.80,28.60,28.69,0.47,0.01,155.89,3.49,13-31
481,688663,新风光,-40.77,-0.03,-1.32,41800.0,170000000.0,0.05,42.09,40.18,42.09,42.09,1.57,0.05,53.71,5.22,13-31
482,688052,纳芯微,-308.99,-0.03,-10.01,3004,94062600.0,0.04,318.98,307.45,317.89,319.00,1.03,0.01,96.77,4.88,13-31
483,688121,卓然股份,-23.94,-0.03,-0.79,16200.0,39041600.0,0.04,24.82,23.75,24.82,24.73,1.44,0.01,54.53,2.51,13-31
484,688168,安博通,-43.24,-0.03,-1.48,20100.0,87842400.0,0.05,45.10,42.91,44.08,44.72,1.14,0.03,-77.72,2.77,13-31
485,688308,欧科亿,-78.64,-0.03,-2.82,12100.0,95002700.0,0.06,81.88,77.02,81.00,81.46,1.58,0.02,35.24,3.68,13-31
486,688279,峰岹科技,-94.10,-0.03,-3.40,2032,19354200.0,0.04,97.58,94.06,97.49,97.50,0.82,0.01,56.24,3.90,13-31
487,688536,思瑞浦,-255.67,-0.04,-9.33,4550,118000000.0,0.05,268.00,255.54,262.03,265.00,0.97,0.01,115.18,8.12,13-31
488,688267,中触媒,-38.17,-0.04,-1.43,10100.0,38855000.0,0.05,39.80,37.96,39.46,39.60,1.04,0.02,58.38,2.62,13-31
489,688339,亿华通-U,-91.05,-0.04,-3.47,17200.0,158000000.0,0.04,94.50,90.50,94.40,94.52,1.14,0.02,-85.31,4.47,13-31
490,688766,普冉股份,-159.99,-0.04,-6.20,2884,46995500.0,0.06,168.45,159.20,167.25,166.19,0.77,0.01,44.03,3.97,13-31
491,688066,航天宏图,-89.28,-0.04,-3.52,7205,65361000.0,0.04,92.80,89.01,92.80,92.80,0.78,0.0,149.64,7.03,13-31
492,688737,中自科技,-42.45,-0.04,-1.69,15500.0,66940600.0,0.07,44.69,41.61,44.12,44.14,0.90,0.03,-51.87,1.92,13-31
493,688661,和林微纳,-69.51,-0.04,-2.81,3665,25941800.0,0.05,72.96,69.48,70.89,72.32,0.44,0.01,104.99,4.94,13-31
494,688283,坤恒顺维,-63.30,-0.04,-2.64,6200,39343500.0,0.06,66.12,62.21,66.12,65.94,1.17,0.01,65.43,5.99,13-31
495,688041,海光信息,-49.82,-0.04,-2.08,106000.0,537000000.0,0.05,52.19,49.45,51.18,51.90,0.77,0.05,133.18,6.88,13-31
496,688182,灿勤科技,-18.67,-0.04,-0.78,46400.0,89752000.0,0.08,20.27,18.65,19.49,19.45,0.93,0.05,90.12,3.58,13-31
497,688520,神州细胞-U,-71.20,-0.04,-3.00,12000.0,86979400.0,0.05,74.56,70.90,74.56,74.20,1.23,0.01,-59.07,-244.15,13-31
498,688153,唯捷创芯-U,-48.45,-0.04,-2.12,11000.0,53969700.0,0.07,51.39,47.96,50.50,50.57,1.79,0.03,257.28,5.19,13-31
499,688008,澜起科技,-58.50,-0.04,-2.60,107400.0,638000000.0,0.05,61.44,58.40,61.01,61.10,1.19,0.01,49.90,6.90,13-31
500,688519,南亚新材,-27.83,-0.04,-1.29,10600.0,30271100.0,0.05,29.19,27.78,28.99,29.12,0.94,0.01,90.64,2.44,13-31
501,688368,晶丰明源,-135.10,-0.04,-6.31,9818,136000000.0,0.07,145.29,135.10,145.29,141.41,1.15,0.02,-31.75,5.21,13-31
502,688114,华大智造,-103.56,-0.05,-4.94,13100.0,137000000.0,0.04,108.30,103.48,108.30,108.50,2.55,0.04,15.92,4.54,13-31
503,688515,裕太微-U,-213.26,-0.05,-11.34,13500.0,295000000.0,0.07,228.00,211.37,224.59,224.60,0.87,0.07,1679.70,8.68,13-31
504,688292,浩瀚深度,-25.15,-0.05,-1.35,53600.0,136000000.0,0.07,26.25,24.41,26.20,26.50,0.83,0.15,127.99,4.11,13-31
505,688776,国光电气,-173.00,-0.05,-9.37,4219,74102400.0,0.07,184.98,172.02,184.98,182.37,2.65,0.02,77.79,7.85,13-31
506,688307,C中润,-38.85,-0.05,-2.15,46600.0,185000000.0,0.05,40.48,38.52,39.99,41.00,0.70,0.26,105.59,4.30,13-31
507,688058,宝兰德,-50.30,-0.05,-2.84,13100.0,67218900.0,0.04,52.50,50.12,52.25,53.14,1.21,0.02,-77.39,3.27,13-31
508,688322,奥比中光-UW,-32.96,-0.06,-2.08,62800.0,210000000.0,0.1,35.73,32.38,35.50,35.04,3.04,0.19,-48.17,3.99,13-31
509,688787,海天瑞声,-201.77,-0.08,-17.13,41900.0,856000000.0,0.09,212.52,193.90,203.98,218.90,1.52,0.15,347.64,10.57,13-31
