1,688322,奥比中光-UW,35.04,0.2,5.84,60600.0,195000000.0,0.22,35.04,28.66,29.23,29.20,2.40,0.19,-51.21,4.24,2023-02-20-21
2,688667,菱电电控,104.75,0.14,12.70,17700.0,177000000.0,0.16,105.00,90.70,92.05,92.05,3.14,0.08,75.93,3.58,2023-02-20-21
3,688793,倍轻松,57.34,0.13,6.71,20500.0,112000000.0,0.17,58.58,49.89,50.89,50.63,2.08,0.09,-46.08,6.33,2023-02-20-21
4,688084,晶品特装,97.70,0.09,8.16,14000.0,133000000.0,0.12,98.98,88.00,88.00,89.54,2.09,0.08,286.80,4.43,2023-02-20-21
5,688152,麒麟信安,217.10,0.08,16.80,9671,203000000.0,0.11,220.00,198.15,200.30,200.30,1.26,0.09,117.31,9.06,2023-02-20-21
6,688168,安博通,44.72,0.08,3.44,39000.0,172000000.0,0.08,45.68,42.24,42.28,41.28,1.71,0.05,-80.38,2.87,2023-02-20-21
7,688362,甬矽电子,27.89,0.08,2.09,79000.0,213000000.0,0.12,28.28,25.30,25.64,25.80,0.96,0.17,41.40,4.35,2023-02-20-21
8,688697,纽威数控,30.08,0.08,2.18,47900.0,142000000.0,0.11,30.76,27.66,27.88,27.90,1.66,0.06,38.86,7.27,2023-02-20-21
9,688766,普冉股份,166.19,0.07,11.54,7320,117000000.0,0.1,167.80,152.04,154.50,154.65,1.34,0.03,45.74,4.12,2023-02-20-21
10,688041,海光信息,51.90,0.07,3.47,195100.0,982000000.0,0.09,52.48,48.03,48.51,48.43,0.87,0.09,138.74,7.16,2023-02-20-21
11,688278,特宝生物,48.45,0.07,3.22,26500.0,125000000.0,0.09,49.19,44.90,45.01,45.23,1.39,0.01,73.76,14.92,2023-02-20-21
12,688169,石头科技,347.59,0.07,22.71,10300.0,350000000.0,0.07,347.86,323.61,328.00,324.88,1.10,0.01,28.57,3.54,2023-02-20-21
13,688519,南亚新材,29.12,0.07,1.88,26800.0,75375800.0,0.09,29.18,26.70,27.14,27.24,1.66,0.03,94.84,2.55,2023-02-20-21
14,688326,经纬恒润-W,157.00,0.07,10.00,10700.0,169000000.0,0.1,164.15,149.00,149.00,147.00,2.47,0.04,95.23,3.62,2023-02-20-21
15,688176,亚虹医药-U,15.30,0.07,0.97,101700.0,154000000.0,0.09,15.55,14.31,14.39,14.33,1.37,0.04,-40.17,3.06,2023-02-20-21
16,688661,和林微纳,72.32,0.07,4.58,11300.0,78982300.0,0.09,72.49,66.41,67.52,67.74,0.85,0.04,109.24,5.14,2023-02-20-21
17,688175,高凌信息,43.62,0.07,2.74,19400.0,83897900.0,0.09,43.97,40.41,41.00,40.88,1.51,0.1,72.61,2.26,2023-02-20-21
18,688390,固德威,381.63,0.06,23.25,20400.0,771000000.0,0.09,388.00,354.00,355.33,358.38,1.47,0.03,128.16,25.23,2023-02-20-21
19,688302,海创药业-U,55.70,0.06,3.20,10800.0,59343200.0,0.07,55.90,52.08,52.40,52.50,0.93,0.05,-18.59,3.37,2023-02-20-21
20,688066,航天宏图,92.80,0.06,5.31,25900.0,237000000.0,0.07,94.28,87.95,88.09,87.49,1.87,0.01,155.54,7.31,2023-02-20-21
21,688182,灿勤科技,19.45,0.06,1.11,101000.0,193000000.0,0.09,19.83,18.26,18.60,18.34,1.12,0.11,93.88,3.73,2023-02-20-21
22,688318,财富趋势,131.93,0.06,7.34,34600.0,451000000.0,0.08,134.87,125.45,126.58,124.59,1.67,0.12,138.18,4.00,2023-02-20-21
23,688058,宝兰德,53.14,0.06,2.88,14300.0,72965300.0,0.07,53.14,49.65,50.02,50.26,0.80,0.03,-81.76,3.45,2023-02-20-21
24,688475,萤石网络,36.57,0.06,1.97,48700.0,175000000.0,0.07,36.60,34.22,34.50,34.60,1.24,0.06,70.43,4.32,2023-02-20-21
25,688680,海优新材,200.95,0.05,10.38,15900.0,309000000.0,0.09,201.88,185.30,193.43,190.57,0.92,0.03,94.94,7.07,2023-02-20-21
26,688555,*ST泽达,4.08,0.05,0.21,23600.0,9521700.0,0.07,4.12,3.84,3.86,3.87,1.80,0.06,-5.17,0.42,2023-02-20-21
27,688227,品高股份,26.30,0.05,1.30,27200.0,70157200.0,0.07,26.60,24.80,25.00,25.00,1.41,0.04,-145.51,2.16,2023-02-20-21
28,688022,瀚川智能,66.85,0.05,3.30,40700.0,275000000.0,0.06,69.52,65.50,65.50,63.55,1.61,0.04,72.81,7.09,2023-02-20-21
29,688521,芯原股份-U,62.40,0.05,3.02,53000.0,325000000.0,0.07,62.83,58.66,59.01,59.38,0.81,0.03,710.77,10.93,2023-02-20-21
30,688678,福立旺,23.28,0.05,1.12,24600.0,56448100.0,0.05,23.36,22.30,22.37,22.16,0.86,0.03,28.03,2.85,2023-02-20-21
31,688670,金迪克,49.82,0.05,2.37,7462,36483100.0,0.08,49.98,46.40,47.26,47.45,1.93,0.02,59.12,2.98,2023-02-20-21
32,688360,德马科技,29.10,0.05,1.35,52100.0,155000000.0,0.1,31.38,28.65,29.80,27.75,7.38,0.12,26.98,2.54,2023-02-20-21
33,688348,昱能科技,468.99,0.05,21.57,8125,375000000.0,0.07,472.50,441.02,445.00,447.42,1.17,0.04,111.30,10.46,2023-02-20-21
34,688398,赛特新材,48.40,0.05,2.20,34500.0,167000000.0,0.06,49.37,46.62,47.12,46.20,1.60,0.04,71.60,4.23,2023-02-20-21
35,688253,英诺特,25.60,0.05,1.16,35900.0,89900800.0,0.05,25.65,24.44,24.56,24.44,1.19,0.12,20.46,2.09,2023-02-20-21
36,688100,威胜信息,27.92,0.05,1.25,23900.0,66124300.0,0.04,28.02,26.83,27.10,26.67,1.05,0.0,36.83,5.06,2023-02-20-21
37,688435,英方软件,103.00,0.05,4.50,23800.0,245000000.0,0.06,105.10,98.81,99.70,98.50,0.97,0.14,1045.04,7.85,2023-02-20-21
38,688332,中科蓝讯,61.83,0.05,2.67,9924,60032600.0,0.06,62.08,58.53,59.16,59.16,0.69,0.03,47.11,2.11,2023-02-20-21
39,688377,迪威尔,37.60,0.04,1.62,21400.0,79355100.0,0.06,37.90,35.80,36.00,35.98,1.30,0.02,55.72,4.60,2023-02-20-21
40,688517,金冠电气,17.46,0.04,0.75,51300.0,88851000.0,0.08,17.85,16.49,17.53,16.71,1.01,0.06,29.43,3.21,2023-02-20-21
41,688186,广大特材,30.15,0.04,1.25,39800.0,120000000.0,0.07,30.67,28.72,28.94,28.90,1.15,0.02,60.39,2.05,2023-02-20-21
42,688095,福昕软件,84.70,0.04,3.51,8116,67341200.0,0.06,85.35,80.10,81.19,81.19,0.97,0.02,528.29,2.09,2023-02-20-21
43,688400,凌云光,29.22,0.04,1.18,41700.0,119000000.0,0.05,29.30,27.88,28.12,28.04,0.71,0.05,64.23,3.54,2023-02-20-21
44,688292,浩瀚深度,26.50,0.04,1.04,91600.0,237000000.0,0.09,26.90,24.52,26.20,25.46,0.99,0.25,134.86,4.33,2023-02-20-21
45,688197,首药控股-U,42.41,0.04,1.66,12000.0,49787500.0,0.08,43.00,39.81,40.75,40.75,0.77,0.03,-39.70,5.00,2023-02-20-21
46,688561,奇安信-U,76.42,0.04,2.96,26500.0,200000000.0,0.06,76.94,72.77,73.46,73.46,0.69,0.01,-34.75,5.95,2023-02-20-21
47,688001,华兴源创,33.98,0.04,1.31,15700.0,52515300.0,0.05,34.17,32.53,32.74,32.67,1.05,0.0,36.84,4.06,2023-02-20-21
48,688028,沃尔德,36.02,0.04,1.38,6983,24929600.0,0.03,36.04,35.02,35.81,34.64,0.75,0.01,87.33,2.12,2023-02-20-21
49,688131,皓元医药,128.27,0.04,4.89,11200.0,143000000.0,0.06,129.99,123.00,123.53,123.38,0.92,0.02,65.20,6.02,2023-02-20-21
50,688498,源杰科技,147.98,0.04,5.49,8332,122000000.0,0.06,149.60,141.48,142.21,142.49,0.63,0.07,90.08,4.28,2023-02-20-21
51,688228,开普云,45.59,0.04,1.68,28500.0,128000000.0,0.04,45.61,43.97,44.61,43.91,0.50,0.1,169.49,2.56,2023-02-20-21
52,688158,优刻得-W,20.35,0.04,0.73,350800.0,703000000.0,0.08,20.62,18.98,19.63,19.62,1.07,0.1,-19.76,3.03,2023-02-20-21
53,688288,鸿泉物联,23.95,0.04,0.84,17900.0,42462300.0,0.08,24.45,22.50,23.43,23.11,0.69,0.02,-30.88,2.81,2023-02-20-21
54,688786,悦安新材,52.00,0.04,1.78,11200.0,58102300.0,0.07,52.99,49.46,49.46,50.22,1.93,0.02,42.07,7.00,2023-02-20-21
55,688588,凌志软件,12.44,0.03,0.42,50600.0,62121100.0,0.04,12.47,12.02,12.03,12.02,0.70,0.02,47.55,3.92,2023-02-20-21
56,688309,*ST恒誉,22.47,0.03,0.75,6043,13519000.0,0.04,22.68,21.72,21.72,21.72,1.01,0.01,2831.61,2.58,2023-02-20-21
57,688035,德邦科技,63.00,0.03,2.10,16700.0,103000000.0,0.06,63.36,59.77,60.84,60.90,0.61,0.06,81.02,4.14,2023-02-20-21
58,688252,天德钰,19.21,0.03,0.64,20500.0,38396400.0,0.06,19.35,18.18,18.67,18.57,0.71,0.06,37.66,4.23,2023-02-20-21
59,688327,云从科技-UW,30.60,0.03,1.01,133100.0,403000000.0,0.06,31.00,29.31,29.90,29.59,0.57,0.16,-28.84,9.66,2023-02-20-21
60,688267,中触媒,39.60,0.03,1.30,22500.0,87002500.0,0.06,39.60,37.30,38.11,38.30,1.88,0.04,60.57,2.72,2023-02-20-21
61,688425,铁建重工,4.30,0.03,0.14,396300.0,170000000.0,0.04,4.33,4.16,4.17,4.16,1.94,0.03,12.26,1.52,2023-02-20-21
62,688213,思特威-W,48.28,0.03,1.54,10700.0,51438000.0,0.06,48.67,46.00,47.52,46.74,1.27,0.03,-347.69,5.10,2023-02-20-21
63,688566,吉贝尔,24.87,0.03,0.77,20900.0,51240500.0,0.05,24.95,23.70,24.15,24.10,1.48,0.03,44.00,2.89,2023-02-20-21
64,688579,山大地纬,11.33,0.03,0.35,81400.0,91234400.0,0.04,11.38,10.93,11.10,10.98,0.93,0.03,138.41,3.59,2023-02-20-21
65,688178,万德斯,20.59,0.03,0.63,10700.0,21463200.0,0.05,20.59,19.52,19.96,19.96,1.83,0.01,25.40,1.40,2023-02-20-21
66,688609,九联科技,7.87,0.03,0.24,154100.0,121000000.0,0.05,8.04,7.66,7.72,7.63,0.95,0.05,62.46,3.07,2023-02-20-21
67,688357,建龙微纳,118.97,0.03,3.57,12600.0,150000000.0,0.04,120.99,116.22,120.99,115.40,1.30,0.02,35.98,4.56,2023-02-20-21
68,688256,寒武纪-U,82.45,0.03,2.45,74600.0,605000000.0,0.06,83.40,78.59,80.80,80.00,0.56,0.03,-26.23,6.38,2023-02-20-21
69,688051,佳华科技,39.10,0.03,1.13,9910,38209300.0,0.05,39.35,37.62,37.85,37.97,0.51,0.04,-27.84,2.45,2023-02-20-21
70,688613,奥精医疗,26.57,0.03,0.76,19300.0,50552500.0,0.04,26.65,25.55,25.92,25.81,1.04,0.02,40.83,2.78,2023-02-20-21
71,688553,汇宇制药-W,17.89,0.03,0.51,16500.0,29171300.0,0.04,17.95,17.27,17.50,17.38,0.96,0.01,24.15,2.05,2023-02-20-21
72,688012,中微公司,107.88,0.03,3.06,50400.0,536000000.0,0.04,108.10,104.08,104.13,104.82,0.66,0.01,62.88,4.41,2023-02-20-21
73,688020,方邦股份,69.65,0.03,1.97,15100.0,102000000.0,0.07,70.49,66.07,67.58,67.68,0.92,0.02,-77.76,3.58,2023-02-20-21
74,688558,国盛智科,42.09,0.03,1.19,9274,38864300.0,0.06,42.71,40.40,40.78,40.90,0.73,0.02,27.75,3.76,2023-02-20-21
75,688687,凯因科技,29.02,0.03,0.80,33800.0,97021300.0,0.06,29.50,27.90,28.21,28.22,0.99,0.03,54.39,2.92,2023-02-20-21
76,688032,禾迈股份,862.69,0.03,23.69,4539,389000000.0,0.04,864.70,830.99,832.02,839.00,0.96,0.02,100.06,7.76,2023-02-20-21
77,688300,联瑞新材,60.90,0.03,1.57,3834,22897700.0,0.05,61.14,58.46,59.32,59.33,0.81,0.0,43.38,6.47,2023-02-20-21
78,688273,麦澜德,41.68,0.03,1.06,19700.0,81535900.0,0.08,42.98,39.70,40.40,40.62,1.08,0.08,31.88,3.12,2023-02-20-21
79,688569,铁科轨道,19.42,0.03,0.49,11500.0,22190900.0,0.03,19.47,18.88,18.90,18.93,1.79,0.01,16.06,1.66,2023-02-20-21
80,688626,翔宇医疗,39.10,0.03,0.98,16700.0,64858800.0,0.06,39.70,37.49,38.14,38.12,0.91,0.03,51.62,3.25,2023-02-20-21
81,688086,*ST紫晶,2.40,0.03,0.06,40400.0,9653900.0,0.05,2.42,2.31,2.34,2.34,1.16,0.03,-1.83,0.33,2023-02-20-21
82,688489,三未信安,120.50,0.03,3.00,8155,95547200.0,0.06,120.75,114.00,117.51,117.50,0.77,0.05,233.41,5.14,2023-02-20-21
83,688515,裕太微-U,224.60,0.03,5.49,15600.0,345000000.0,0.05,225.44,215.33,215.33,219.11,0.47,0.09,1769.02,9.14,2023-02-20-21
84,688225,亚信安全,21.39,0.02,0.52,19600.0,41590800.0,0.07,21.95,20.40,20.76,20.87,1.11,0.02,-38.55,3.56,2023-02-20-21
85,688223,晶科能源,14.60,0.02,0.35,429700.0,624000000.0,0.04,14.73,14.11,14.16,14.25,0.98,0.02,65.34,5.74,2023-02-20-21
86,688333,铂力特,153.38,0.02,3.61,9631,146000000.0,0.06,155.48,146.05,149.02,149.77,1.67,0.01,-593.93,12.59,2023-02-20-21
87,688325,赛微微电,49.99,0.02,1.15,4160,20482900.0,0.04,50.12,48.21,49.51,48.84,0.37,0.02,117.14,2.47,2023-02-20-21
88,688585,上纬新材,9.67,0.02,0.22,11500.0,11016600.0,0.03,9.68,9.40,9.43,9.45,1.05,0.01,50.64,3.51,2023-02-20-21
89,688137,近岸蛋白,83.33,0.02,1.84,6337,51540300.0,0.05,83.52,79.46,81.70,81.49,0.89,0.04,48.67,2.66,2023-02-20-21
90,688157,松井股份,111.40,0.02,2.43,6460,70890200.0,0.04,112.03,107.57,108.12,108.97,0.92,0.02,108.59,7.12,2023-02-20-21
91,688119,中钢洛耐,6.93,0.02,0.15,53400.0,36757800.0,0.03,6.94,6.75,6.77,6.78,0.86,0.03,31.66,2.53,2023-02-20-21
92,688365,光云科技,12.52,0.02,0.27,87600.0,108000000.0,0.04,12.53,12.04,12.24,12.25,0.42,0.05,-33.68,5.19,2023-02-20-21
93,688371,菲沃泰,22.28,0.02,0.48,23600.0,51969600.0,0.03,22.38,21.63,21.80,21.80,0.68,0.03,308.34,3.80,2023-02-20-21
94,688628,优利德,39.98,0.02,0.86,16400.0,65496600.0,0.04,40.41,38.82,39.12,39.12,0.78,0.04,37.55,4.17,2023-02-20-21
95,688052,纳芯微,319.00,0.02,6.79,5904,183000000.0,0.05,319.00,303.56,310.02,312.21,1.31,0.03,99.91,5.04,2023-02-20-21
96,688501,青达环保,28.69,0.02,0.61,20100.0,57651800.0,0.06,29.27,27.51,28.20,28.08,0.85,0.03,160.88,3.60,2023-02-20-21
97,688282,理工导航,48.03,0.02,1.02,4332,20438600.0,0.04,48.17,46.42,47.17,47.01,0.66,0.02,56.19,2.79,2023-02-20-21
98,688163,赛伦生物,25.52,0.02,0.54,7081,17660700.0,0.05,25.56,24.40,24.93,24.98,0.52,0.03,33.00,2.47,2023-02-20-21
99,688167,炬光科技,112.43,0.02,2.37,15900.0,176000000.0,0.05,112.91,107.53,110.06,110.06,1.02,0.02,70.87,4.21,2023-02-20-21
100,688500,慧辰股份,29.08,0.02,0.61,20700.0,59353200.0,0.07,29.80,27.88,28.47,28.47,0.63,0.05,-176.82,1.92,2023-02-20-21
101,688207,格灵深瞳-U,39.22,0.02,0.82,44100.0,172000000.0,0.06,39.71,37.42,38.90,38.40,0.46,0.1,-340.10,3.15,2023-02-20-21
102,688590,新致软件,12.00,0.02,0.25,57200.0,68285000.0,0.04,12.17,11.71,11.72,11.75,0.70,0.04,122.97,2.54,2023-02-20-21
103,688600,皖仪科技,30.84,0.02,0.64,12300.0,37545700.0,0.07,31.24,29.23,30.00,30.20,0.55,0.02,120.83,4.79,2023-02-20-21
104,688619,罗普特,14.10,0.02,0.29,37600.0,52242000.0,0.05,14.13,13.44,13.73,13.81,0.41,0.04,-49.98,1.84,2023-02-20-21
105,688311,盟升电子,79.74,0.02,1.64,7950,62791500.0,0.04,80.16,77.03,77.50,78.10,0.63,0.01,695.06,5.35,2023-02-20-21
106,688336,三生国健,15.10,0.02,0.31,12700.0,18931100.0,0.03,15.13,14.65,14.79,14.79,1.30,0.01,5934.50,2.04,2023-02-20-21
107,688560,明冠新材,48.13,0.02,0.98,64100.0,304000000.0,0.07,48.81,45.55,46.97,47.15,1.18,0.07,53.98,3.06,2023-02-20-21
108,688210,统联精密,26.58,0.02,0.53,8855,23285000.0,0.03,26.66,25.95,26.11,26.05,0.72,0.01,33.38,2.52,2023-02-20-21
109,688313,仕佳光子,11.61,0.02,0.23,124600.0,143000000.0,0.04,11.71,11.20,11.27,11.38,0.52,0.04,80.50,4.41,2023-02-20-21
110,688238,和元生物,21.22,0.02,0.42,16700.0,35028100.0,0.05,21.47,20.40,20.77,20.80,0.72,0.02,231.44,4.84,2023-02-20-21
111,689009,九号公司-WD,33.43,0.02,0.65,40600.0,134000000.0,0.03,33.50,32.50,32.80,32.78,0.78,0.01,45.51,4.96,2023-02-20-21
112,688310,迈得医疗,36.20,0.02,0.70,15300.0,54363300.0,0.06,36.36,34.20,35.50,35.50,0.78,0.02,46.55,3.72,2023-02-20-21
113,688281,华秦科技,283.79,0.02,5.48,2419,67481700.0,0.04,286.00,275.00,280.58,278.31,1.16,0.01,99.43,7.22,2023-02-20-21
114,688047,龙芯中科,114.70,0.02,2.21,19900.0,226000000.0,0.05,116.00,110.67,111.85,112.49,0.55,0.06,472.24,11.78,2023-02-20-21
115,688283,坤恒顺维,65.94,0.02,1.27,7741,50610900.0,0.06,66.59,62.57,65.19,64.67,1.04,0.02,68.16,6.24,2023-02-20-21
116,688085,三友医疗,29.16,0.02,0.56,11500.0,33226100.0,0.03,29.46,28.50,28.60,28.60,0.67,0.01,39.64,3.71,2023-02-20-21
117,688088,虹软科技,27.69,0.02,0.53,37100.0,102000000.0,0.03,27.85,27.01,27.27,27.16,0.63,0.01,158.29,4.39,2023-02-20-21
118,688170,德龙激光,57.19,0.02,1.09,7439,42106400.0,0.04,57.89,55.51,56.12,56.10,0.63,0.03,127.91,4.63,2023-02-20-21
119,688376,美埃科技,37.91,0.02,0.71,5770,21569100.0,0.03,38.08,36.91,37.30,37.20,0.40,0.02,44.43,3.54,2023-02-20-21
120,688369,致远互联,84.58,0.02,1.58,3033,25490500.0,0.03,85.47,82.72,82.98,83.00,0.39,0.0,176.55,4.70,2023-02-20-21
121,688082,盛美上海,84.88,0.02,1.58,15600.0,130000000.0,0.03,85.19,82.50,83.00,83.30,0.61,0.02,62.61,6.96,2023-02-20-21
122,688536,思瑞浦,265.00,0.02,4.85,4783,126000000.0,0.03,266.98,258.06,258.06,260.15,0.52,0.01,86.26,8.71,2023-02-20-21
123,688121,卓然股份,24.73,0.02,0.45,29700.0,72329100.0,0.05,25.04,23.72,24.29,24.28,1.91,0.02,56.33,2.60,2023-02-20-21
124,688296,和达科技,29.25,0.02,0.53,3783,10981400.0,0.03,29.35,28.35,28.72,28.72,0.87,0.01,50.06,4.25,2023-02-20-21
125,688408,中信博,102.83,0.02,1.83,13300.0,135000000.0,0.05,103.50,98.88,100.12,101.00,0.54,0.02,-833.79,5.71,2023-02-20-21
126,688205,德科立,53.30,0.02,0.94,16100.0,84849000.0,0.04,53.76,51.55,52.50,52.36,0.59,0.07,47.31,2.78,2023-02-20-21
127,688696,极米科技,206.29,0.02,3.62,8123,166000000.0,0.03,206.66,200.06,200.97,202.67,0.94,0.02,32.86,4.84,2023-02-20-21
128,688092,爱科科技,27.38,0.02,0.48,4362,11894300.0,0.02,27.46,26.95,27.09,26.90,0.82,0.02,29.54,3.08,2023-02-20-21
129,688416,恒烁股份,48.73,0.02,0.85,19300.0,92718700.0,0.03,48.74,47.19,47.82,47.88,0.36,0.11,64.75,2.35,2023-02-20-21
130,688212,澳华内镜,71.50,0.02,1.24,10400.0,72934400.0,0.06,71.90,68.00,69.51,70.26,0.77,0.01,833.17,7.67,2023-02-20-21
131,688633,星球石墨,50.73,0.02,0.87,5327,26668800.0,0.03,50.97,49.50,49.85,49.86,1.01,0.02,26.22,2.86,2023-02-20-21
132,688209,英集芯,22.38,0.02,0.38,7507,16615900.0,0.03,22.48,21.77,21.98,22.00,0.47,0.02,60.73,5.54,2023-02-20-21
133,688372,伟测科技,112.70,0.02,1.91,7538,83721600.0,0.04,113.09,108.79,111.14,110.79,0.63,0.04,44.37,4.27,2023-02-20-21
134,688191,智洋创新,15.38,0.02,0.26,20000.0,30571900.0,0.04,15.65,15.08,15.14,15.12,0.89,0.03,68.67,2.86,2023-02-20-21
135,688276,百克生物,62.76,0.02,1.06,21900.0,138000000.0,0.03,63.50,61.70,61.70,61.70,1.56,0.01,91.74,7.23,2023-02-20-21
136,688079,美迪凯,10.71,0.02,0.18,13700.0,14536300.0,0.03,10.73,10.41,10.53,10.53,0.45,0.01,366.27,2.80,2023-02-20-21
137,688160,步科股份,40.22,0.02,0.67,13100.0,51866000.0,0.04,40.45,38.78,39.90,39.55,0.74,0.05,37.11,4.70,2023-02-20-21
138,688568,中科星图,67.88,0.02,1.13,8181,55047200.0,0.04,68.50,65.66,66.22,66.75,0.55,0.01,175.29,5.45,2023-02-20-21
139,688111,金山办公,282.29,0.02,4.67,27400.0,768000000.0,0.04,285.00,273.50,275.00,277.62,0.66,0.01,120.10,15.53,2023-02-20-21
140,688120,华海清科,248.55,0.02,4.11,7941,194000000.0,0.04,249.20,240.11,244.45,244.44,0.46,0.03,57.99,5.71,2023-02-20-21
141,688065,凯赛生物,66.79,0.02,1.10,11800.0,78118600.0,0.04,67.19,64.46,65.68,65.69,1.02,0.0,60.10,3.58,2023-02-20-21
142,688290,景业智能,79.00,0.02,1.28,2011,15749700.0,0.04,79.49,76.40,79.49,77.72,0.65,0.01,98.60,6.62,2023-02-20-21
143,688236,春立医疗,33.95,0.02,0.55,32700.0,110000000.0,0.07,34.98,32.75,33.31,33.40,0.85,0.04,46.66,4.98,2023-02-20-21
144,688172,燕东微,21.74,0.02,0.35,57900.0,125000000.0,0.03,21.85,21.30,21.38,21.39,0.61,0.05,44.65,1.82,2023-02-20-21
145,688618,三旺通信,93.12,0.02,1.49,2920,26918400.0,0.02,93.23,91.01,91.86,91.63,0.70,0.02,57.19,6.22,2023-02-20-21
146,688656,浩欧博,36.94,0.02,0.59,1561,5729000.0,0.03,37.00,36.07,36.57,36.35,0.48,0.01,39.28,2.97,2023-02-20-21
147,688048,长光华芯,126.00,0.02,2.01,9930,124000000.0,0.05,126.99,120.78,124.98,123.99,0.59,0.03,135.06,5.32,2023-02-20-21
148,688218,江苏北人,21.33,0.02,0.34,41800.0,88633200.0,0.05,21.61,20.65,21.00,20.99,0.66,0.04,-482.88,2.97,2023-02-20-21
149,688063,派能科技,265.88,0.02,4.20,28100.0,741000000.0,0.05,269.21,255.05,259.90,261.68,1.02,0.03,54.30,5.41,2023-02-20-21
150,688488,艾迪药业,11.51,0.02,0.18,19900.0,22620900.0,0.03,11.57,11.23,11.42,11.33,0.58,0.01,-47.09,3.89,2023-02-20-21
151,688258,卓易信息,45.52,0.02,0.71,15500.0,69929100.0,0.05,46.35,44.10,45.30,44.81,0.95,0.02,94.10,4.35,2023-02-20-21
152,688076,诺泰生物,29.00,0.02,0.45,36300.0,104000000.0,0.05,29.30,28.00,29.00,28.55,0.54,0.03,87.17,3.37,2023-02-20-21
153,688201,信安世纪,60.15,0.02,0.93,17000.0,101000000.0,0.05,60.58,57.80,58.31,59.22,1.20,0.03,114.26,8.00,2023-02-20-21
154,688118,普元信息,22.13,0.02,0.34,16800.0,36975200.0,0.05,22.63,21.44,21.90,21.79,0.77,0.02,-55.85,2.50,2023-02-20-21
155,688266,泽璟制药-U,49.07,0.02,0.75,11500.0,56076500.0,0.03,49.24,47.77,48.32,48.32,0.50,0.01,-24.28,13.97,2023-02-20-21
156,688698,伟创电气,23.00,0.02,0.35,6600,15000500.0,0.04,23.09,22.20,22.65,22.65,0.67,0.01,27.08,4.35,2023-02-20-21
157,688432,有研硅,15.58,0.01,0.23,54100.0,83591400.0,0.02,15.58,15.26,15.30,15.35,0.41,0.04,55.33,4.88,2023-02-20-21
158,688668,鼎通科技,63.94,0.01,0.94,5124,32830500.0,0.05,65.48,62.12,63.00,63.00,0.58,0.02,34.74,3.73,2023-02-20-21
159,688091,上海谊众-U,93.95,0.01,1.37,21800.0,205000000.0,0.05,94.94,90.01,92.98,92.58,0.73,0.02,97.33,10.56,2023-02-20-21
160,688779,长远锂科,15.78,0.01,0.23,76500.0,119000000.0,0.03,15.79,15.31,15.59,15.55,0.69,0.01,20.50,4.10,2023-02-20-21
161,688159,有方科技,18.02,0.01,0.26,9659,17290900.0,0.03,18.11,17.65,17.69,17.76,0.84,0.01,-51.05,2.04,2023-02-20-21
162,688700,东威科技,116.49,0.01,1.66,14800.0,172000000.0,0.03,117.77,113.92,115.20,114.83,0.84,0.02,79.36,18.23,2023-02-20-21
163,688391,钜泉科技,121.75,0.01,1.73,6319,75678900.0,0.04,122.18,117.80,120.90,120.02,0.80,0.05,35.52,3.60,2023-02-20-21
164,688525,佰维存储,22.58,0.01,0.32,40700.0,90842100.0,0.04,22.75,21.88,22.40,22.26,0.53,0.12,95.84,4.00,2023-02-20-21
165,688027,国盾量子,133.77,0.01,1.86,11600.0,154000000.0,0.03,134.45,131.00,131.90,131.91,0.54,0.02,-131.02,6.49,2023-02-20-21
166,688003,天准科技,39.38,0.01,0.54,19500.0,76266400.0,0.03,39.50,38.50,38.90,38.84,0.80,0.01,193.65,4.94,2023-02-20-21
167,688080,映翰通,48.19,0.01,0.66,10300.0,49406800.0,0.05,48.98,46.63,47.53,47.53,1.36,0.02,37.62,3.14,2023-02-20-21
168,688177,百奥泰,26.30,0.01,0.36,8701,22743700.0,0.03,26.48,25.60,26.35,25.94,0.97,0.01,-31.95,5.94,2023-02-20-21
169,688606,奥泰生物,109.39,0.01,1.49,2523,27231500.0,0.02,109.45,106.79,107.90,107.90,0.86,0.01,3.25,1.36,2023-02-20-21
170,688529,豪森股份,25.38,0.01,0.34,9069,22838800.0,0.03,25.48,24.80,25.08,25.04,0.88,0.02,29.76,2.75,2023-02-20-21
171,688216,气派科技,29.12,0.01,0.38,13500.0,38923000.0,0.04,29.42,28.28,28.74,28.74,0.69,0.03,-97.65,3.32,2023-02-20-21
172,688689,银河微电,27.70,0.01,0.36,11000.0,29980700.0,0.03,27.78,26.95,27.34,27.34,0.73,0.03,41.74,3.25,2023-02-20-21
173,688485,九州一轨,17.79,0.01,0.23,17600.0,30970900.0,0.02,17.84,17.50,17.55,17.56,0.76,0.05,93.82,2.05,2023-02-20-21
174,688380,中微半导,29.42,0.01,0.38,20200.0,58544500.0,0.03,29.44,28.61,29.00,29.04,0.64,0.04,125.74,3.69,2023-02-20-21
175,688351,微电生理-U,24.02,0.01,0.31,14100.0,33504400.0,0.04,24.15,23.32,23.52,23.71,0.69,0.02,3803.69,6.75,2023-02-20-21
176,688018,乐鑫科技,110.80,0.01,1.42,6983,76276100.0,0.04,110.88,106.53,109.38,109.38,0.46,0.01,79.77,4.91,2023-02-20-21
177,688099,晶晨股份,83.90,0.01,1.07,29800.0,245000000.0,0.05,84.48,80.66,82.83,82.83,0.81,0.01,38.25,7.20,2023-02-20-21
178,688410,山外山,38.62,0.01,0.49,12300.0,47192600.0,0.04,39.02,37.66,38.54,38.13,0.57,0.04,122.60,3.75,2023-02-20-21
179,688135,利扬芯片,31.23,0.01,0.39,12800.0,39557300.0,0.03,31.27,30.30,30.84,30.84,0.59,0.01,125.27,4.03,2023-02-20-21
180,688315,诺禾致源,32.47,0.01,0.40,14100.0,45247900.0,0.05,32.95,31.21,32.07,32.07,1.49,0.01,86.37,6.81,2023-02-20-21
181,688312,燕麦科技,18.16,0.01,0.22,7797,14052300.0,0.02,18.19,17.77,18.15,17.94,0.76,0.01,29.96,1.98,2023-02-20-21
182,688711,宏微科技,83.00,0.01,1.00,24900.0,202000000.0,0.07,84.50,79.11,80.67,82.00,1.07,0.02,148.34,11.88,2023-02-20-21
183,688291,金橙子,29.90,0.01,0.36,5233,15574300.0,0.03,30.15,29.13,29.39,29.54,0.49,0.02,75.34,3.40,2023-02-20-21
184,688459,哈铁科技,9.23,0.01,0.11,25500.0,23527100.0,0.02,9.30,9.15,9.25,9.12,1.44,0.03,38.43,1.36,2023-02-20-21
185,688595,芯海科技,43.95,0.01,0.52,12700.0,55218600.0,0.03,44.03,42.72,43.53,43.43,0.68,0.02,1465.97,5.90,2023-02-20-21
186,688113,联测科技,48.45,0.01,0.57,729.0,3503200.0,0.03,48.50,47.26,48.47,47.88,0.37,0.0,35.39,4.14,2023-02-20-21
187,688277,天智航-U,14.68,0.01,0.17,46200.0,67211000.0,0.03,14.76,14.28,14.50,14.51,0.76,0.02,-56.14,6.66,2023-02-20-21
188,688580,伟思医疗,66.89,0.01,0.77,3967,26154700.0,0.05,67.17,64.17,67.17,66.12,0.63,0.02,55.38,3.04,2023-02-20-21
189,688015,交控科技,22.70,0.01,0.26,10800.0,24342800.0,0.02,22.75,22.23,22.44,22.44,0.69,0.01,18.56,1.80,2023-02-20-21
190,688625,呈和科技,51.00,0.01,0.58,2783,14125200.0,0.04,51.51,49.66,50.91,50.42,0.72,0.0,35.58,6.77,2023-02-20-21
191,688387,信科移动-U,5.31,0.01,0.06,98600.0,52192600.0,0.01,5.32,5.25,5.25,5.25,0.59,0.02,-48.83,2.49,2023-02-20-21
192,688739,成大生物,33.47,0.01,0.37,18100.0,60061300.0,0.02,33.50,32.81,33.11,33.10,0.98,0.01,17.74,1.46,2023-02-20-21
193,688013,天臣医疗,22.70,0.01,0.25,4426,9936400.0,0.04,22.83,22.03,22.23,22.45,0.82,0.01,43.46,3.63,2023-02-20-21
194,688183,生益电子,11.04,0.01,0.12,13400.0,14716700.0,0.02,11.08,10.81,11.00,10.92,0.64,0.0,29.35,2.25,2023-02-20-21
195,688185,康希诺,139.08,0.01,1.50,25900.0,354000000.0,0.04,139.50,134.00,138.41,137.58,1.41,0.04,-54.41,4.77,2023-02-20-21
196,688083,中望软件,208.23,0.01,2.23,3927,80499600.0,0.04,209.93,201.19,208.55,206.00,0.67,0.01,-711.19,6.70,2023-02-20-21
197,688006,杭可科技,52.30,0.01,0.56,21400.0,110000000.0,0.03,52.30,50.74,51.30,51.74,0.53,0.01,44.46,6.93,2023-02-20-21
198,688981,中芯国际,42.26,0.01,0.45,108400.0,456000000.0,0.02,42.26,41.61,41.98,41.81,0.71,0.01,27.56,2.51,2023-02-20-21
199,688468,科美诊断,14.10,0.01,0.15,28200.0,39217300.0,0.04,14.15,13.63,13.79,13.95,0.74,0.01,35.86,4.21,2023-02-20-21
200,688004,博汇科技,28.40,0.01,0.30,20600.0,59465500.0,0.06,29.80,28.10,28.34,28.10,0.98,0.05,-38.67,2.27,2023-02-20-21
201,688601,力芯微,75.76,0.01,0.80,12900.0,96300200.0,0.04,76.28,73.51,74.99,74.96,0.60,0.03,32.88,6.14,2023-02-20-21
202,688399,硕世生物,91.42,0.01,0.96,5691,51266900.0,0.03,91.45,88.80,90.17,90.46,1.11,0.01,2.47,1.50,2023-02-20-21
203,688039,当虹科技,43.75,0.01,0.45,18100.0,78378600.0,0.03,43.97,42.70,43.00,43.30,0.67,0.02,-63.59,2.47,2023-02-20-21
204,688259,创耀科技,79.67,0.01,0.79,4684,36901800.0,0.04,80.50,77.66,79.23,78.88,0.58,0.01,67.13,4.35,2023-02-20-21
205,688571,杭华股份,8.07,0.01,0.08,26900.0,21472900.0,0.03,8.11,7.88,8.11,7.99,0.57,0.01,40.61,1.89,2023-02-20-21
206,688303,大全能源,47.51,0.01,0.47,86400.0,408000000.0,0.02,47.52,46.75,47.04,47.04,0.70,0.02,5.05,2.45,2023-02-20-21
207,688480,赛恩斯,26.36,0.01,0.26,11700.0,30584400.0,0.02,26.50,25.87,26.17,26.10,0.94,0.06,37.84,2.90,2023-02-20-21
208,688505,复旦张江,9.38,0.01,0.09,31400.0,29184900.0,0.02,9.41,9.18,9.31,9.29,1.24,0.01,196.58,4.36,2023-02-20-21
209,688403,汇成股份,11.71,0.01,0.11,80400.0,92506200.0,0.03,11.72,11.35,11.60,11.60,0.97,0.07,51.52,3.42,2023-02-20-21
210,688246,嘉和美康,37.30,0.01,0.35,25500.0,93086500.0,0.06,37.56,35.19,36.10,36.95,0.84,0.03,2613.42,2.95,2023-02-20-21
211,688023,安恒信息,164.99,0.01,1.54,8507,139000000.0,0.03,165.69,160.01,164.09,163.45,0.65,0.01,-21.35,4.95,2023-02-20-21
212,688586,江航装备,18.25,0.01,0.17,24200.0,43863700.0,0.02,18.30,17.88,18.10,18.08,0.80,0.01,34.77,4.61,2023-02-20-21
213,688068,热景生物,61.33,0.01,0.57,19100.0,115000000.0,0.03,61.45,59.35,61.20,60.76,1.15,0.02,3.84,1.59,2023-02-20-21
214,688229,博睿数据,44.50,0.01,0.41,14100.0,62005800.0,0.04,44.93,43.20,43.50,44.09,0.60,0.07,-29.29,2.88,2023-02-20-21
215,688055,龙腾光电,4.39,0.01,0.04,27400.0,11965800.0,0.02,4.40,4.32,4.39,4.35,0.49,0.0,42.02,3.04,2023-02-20-21
216,688382,益方生物-U,17.60,0.01,0.16,32400.0,57366700.0,0.06,18.10,17.11,17.40,17.44,0.87,0.03,-19.71,4.39,2023-02-20-21
217,688275,万润新能,182.66,0.01,1.66,3375,61389200.0,0.02,184.00,179.53,181.75,181.00,0.75,0.02,14.74,1.85,2023-02-20-21
218,688426,康为世纪,45.98,0.01,0.41,11200.0,50808800.0,0.04,46.46,44.50,46.46,45.57,0.86,0.06,22.20,2.44,2023-02-20-21
219,688138,清溢光电,19.43,0.01,0.17,19700.0,38101900.0,0.02,19.53,19.06,19.23,19.26,0.72,0.01,56.23,4.14,2023-02-20-21
220,688257,新锐股份,41.16,0.01,0.36,3795,15603400.0,0.03,41.66,40.32,41.01,40.80,0.47,0.01,25.43,1.86,2023-02-20-21
221,688409,富创精密,115.00,0.01,1.00,16600.0,189000000.0,0.04,115.27,110.90,114.08,114.00,0.66,0.04,110.42,3.00,2023-02-20-21
222,688128,中国电研,20.85,0.01,0.18,25000.0,51681600.0,0.03,20.93,20.35,20.55,20.67,0.54,0.01,23.60,3.18,2023-02-20-21
223,688072,拓荆科技-U,262.42,0.01,2.22,7446,194000000.0,0.03,263.59,255.67,258.88,260.20,0.64,0.03,104.82,9.32,2023-02-20-21
224,688393,安必平,27.19,0.01,0.23,7807,21112700.0,0.02,27.24,26.62,26.93,26.96,0.44,0.01,43.61,2.07,2023-02-20-21
225,688686,奥普特,153.39,0.01,1.29,5895,89279800.0,0.04,154.00,148.01,151.20,152.10,0.93,0.02,50.20,6.87,2023-02-20-21
226,688319,欧林生物,19.05,0.01,0.16,24100.0,45421400.0,0.04,19.26,18.58,18.90,18.89,0.58,0.01,144.12,8.70,2023-02-20-21
227,688557,兰剑智能,34.20,0.01,0.28,7330,24842300.0,0.03,34.44,33.57,33.99,33.92,0.81,0.02,42.50,2.62,2023-02-20-21
228,688107,安路科技-U,67.70,0.01,0.55,19600.0,131000000.0,0.04,68.15,65.50,66.84,67.15,0.53,0.01,329.74,16.98,2023-02-20-21
229,688009,中国通号,4.98,0.01,0.04,163100.0,81171300.0,0.02,5.01,4.92,4.93,4.94,1.41,0.0,15.21,1.27,2023-02-20-21
230,688655,迅捷兴,13.70,0.01,0.11,8608,11687800.0,0.03,13.76,13.40,13.76,13.59,0.60,0.01,32.16,2.68,2023-02-20-21
231,688349,三一重能,32.59,0.01,0.26,17100.0,54982100.0,0.03,32.76,31.80,32.46,32.33,0.77,0.01,27.87,3.66,2023-02-20-21
232,688181,八亿时空,40.82,0.01,0.32,4702,19092500.0,0.02,40.97,40.28,40.55,40.50,0.72,0.0,16.93,2.02,2023-02-20-21
233,688231,隆达股份,35.93,0.01,0.28,8422,30058000.0,0.02,36.05,35.33,35.33,35.65,0.79,0.02,92.56,3.19,2023-02-20-21
234,688002,睿创微纳,44.93,0.01,0.35,35400.0,158000000.0,0.03,45.27,43.88,44.58,44.58,0.98,0.01,82.40,5.39,2023-02-20-21
235,688069,德林海,28.63,0.01,0.22,2105,5985600.0,0.02,28.84,28.21,28.51,28.41,0.76,0.0,31.68,1.60,2023-02-20-21
236,688596,正帆科技,32.71,0.01,0.25,43100.0,141000000.0,0.04,33.37,32.22,32.22,32.46,0.90,0.02,34.69,3.62,2023-02-20-21
237,688161,威高骨科,68.13,0.01,0.52,7101,47439800.0,0.05,68.76,65.10,67.61,67.61,0.79,0.01,46.21,5.71,2023-02-20-21
238,688321,微芯生物,27.73,0.01,0.21,28600.0,78916300.0,0.03,27.90,27.10,27.50,27.52,0.87,0.01,-202.36,7.88,2023-02-20-21
239,688061,灿瑞科技,89.40,0.01,0.66,7062,62588500.0,0.02,89.57,87.87,88.74,88.74,0.58,0.04,35.30,2.67,2023-02-20-21
240,688455,科捷智能,14.96,0.01,0.11,7150,10611600.0,0.02,15.08,14.75,14.86,14.85,0.67,0.02,-123.57,2.22,2023-02-20-21
241,688110,东芯股份,29.93,0.01,0.22,47900.0,141000000.0,0.03,30.09,29.12,29.58,29.71,0.68,0.02,36.62,3.30,2023-02-20-21
242,688295,中复神鹰,44.92,0.01,0.33,12100.0,54211700.0,0.03,45.37,44.12,44.53,44.59,0.76,0.02,71.57,9.11,2023-02-20-21
243,688233,神工股份,43.72,0.01,0.32,17900.0,76987900.0,0.03,43.72,42.43,43.40,43.40,1.05,0.02,38.83,4.53,2023-02-20-21
244,688679,通源环境,12.34,0.01,0.09,5152,6353900.0,0.03,12.49,12.17,12.27,12.25,0.92,0.01,34.04,1.48,2023-02-20-21
245,688396,华润微,54.82,0.01,0.39,29000.0,158000000.0,0.02,55.08,53.92,54.54,54.43,0.72,0.01,26.38,3.73,2023-02-20-21
246,688235,百济神州-U,142.00,0.01,1.00,16900.0,238000000.0,0.02,142.10,138.76,140.26,141.00,1.09,0.02,-13.82,5.80,2023-02-20-21
247,688353,华盛锂电,69.20,0.01,0.48,6844,46700800.0,0.03,69.23,67.35,68.70,68.72,0.58,0.03,25.30,1.98,2023-02-20-21
248,688230,芯导科技,62.33,0.01,0.43,4010,24825300.0,0.02,62.46,61.35,62.10,61.90,0.61,0.02,38.76,2.43,2023-02-20-21
249,688389,普门科技,23.63,0.01,0.16,30900.0,73022800.0,0.04,24.11,23.19,23.55,23.47,0.68,0.01,40.01,6.94,2023-02-20-21
250,688093,世华科技,20.70,0.01,0.14,11500.0,23502300.0,0.03,20.81,20.22,20.67,20.56,0.44,0.02,26.43,3.63,2023-02-20-21
251,688316,青云科技-U,41.48,0.01,0.28,22500.0,92282900.0,0.05,41.99,40.10,41.46,41.20,0.66,0.06,-7.06,5.03,2023-02-20-21
252,688045,必易微,66.14,0.01,0.44,7897,51400000.0,0.06,66.65,63.00,65.70,65.70,1.06,0.05,97.30,3.36,2023-02-20-21
253,688621,阳光诺和,104.64,0.01,0.69,3328,34411600.0,0.03,105.47,101.95,104.14,103.95,0.63,0.01,52.89,9.31,2023-02-20-21
254,688030,山石网科,24.27,0.01,0.16,15900.0,38306200.0,0.03,24.45,23.75,24.11,24.11,0.43,0.01,-84.86,2.98,2023-02-20-21
255,688598,金博股份,225.50,0.01,1.45,8590,192000000.0,0.03,226.80,221.20,222.40,224.05,0.91,0.01,32.03,3.52,2023-02-20-21
256,688046,药康生物,28.10,0.01,0.18,13700.0,38294800.0,0.04,28.44,27.37,27.93,27.92,0.81,0.03,67.44,5.94,2023-02-20-21
257,688062,迈威生物-U,18.97,0.01,0.12,14500.0,27357100.0,0.03,19.05,18.45,18.74,18.85,0.32,0.01,-8.21,2.02,2023-02-20-21
258,688350,富淼科技,19.21,0.01,0.12,8241,15677300.0,0.03,19.44,18.86,19.44,19.09,0.66,0.01,19.81,1.71,2023-02-20-21
259,688330,宏力达,69.28,0.01,0.43,3836,26412900.0,0.02,69.50,68.28,68.80,68.85,0.45,0.01,18.13,1.98,2023-02-20-21
260,688663,新风光,42.09,0.01,0.26,30000.0,125000000.0,0.04,42.65,40.80,41.90,41.83,0.70,0.03,55.45,5.39,2023-02-20-21
261,688718,唯赛勃,21.08,0.01,0.13,7979,16676300.0,0.02,21.15,20.66,20.90,20.95,0.59,0.01,122.60,5.17,2023-02-20-21
262,688192,迪哲医药-U,51.30,0.01,0.30,6253,31684500.0,0.04,51.97,49.70,51.97,51.00,0.71,0.02,-30.79,10.62,2023-02-20-21
263,688306,均普智能,5.33,0.01,0.03,73600.0,38898700.0,0.02,5.34,5.22,5.29,5.30,1.14,0.03,75.82,3.36,2023-02-20-21
264,688101,三达膜,14.40,0.01,0.08,10700.0,15341900.0,0.02,14.46,14.21,14.35,14.32,0.62,0.0,18.77,1.36,2023-02-20-21
265,688737,中自科技,44.14,0.01,0.24,13600.0,61006500.0,0.05,45.90,43.90,44.11,43.90,0.46,0.03,-53.94,2.00,2023-02-20-21
266,688070,纵横股份,47.94,0.01,0.26,4772,22649200.0,0.03,48.17,46.75,47.71,47.68,0.33,0.01,-397.26,6.07,2023-02-20-21
267,688165,埃夫特-U,9.23,0.01,0.05,15600.0,14283400.0,0.03,9.33,9.10,9.17,9.18,0.80,0.0,-39.80,2.68,2023-02-20-21
268,688699,明微电子,55.45,0.01,0.30,16100.0,87911900.0,0.03,55.59,53.89,55.01,55.15,0.65,0.03,78.87,3.88,2023-02-20-21
269,688033,天宜上佳,22.27,0.01,0.12,35900.0,79457100.0,0.03,22.50,21.80,21.94,22.15,0.65,0.01,75.68,2.49,2023-02-20-21
270,688589,力合微,41.23,0.01,0.22,18600.0,76236800.0,0.02,41.38,40.50,41.01,41.01,0.43,0.03,60.28,5.22,2023-02-20-21
271,688419,耐科装备,35.74,0.01,0.19,9819,34587100.0,0.04,35.98,34.66,35.31,35.55,0.72,0.05,50.27,3.15,2023-02-20-21
272,688358,祥生医疗,41.68,0.01,0.22,13000.0,53828200.0,0.03,41.98,40.59,41.19,41.46,0.57,0.01,27.91,3.50,2023-02-20-21
273,688036,传音控股,86.84,0.01,0.45,18800.0,162000000.0,0.02,87.21,85.06,86.39,86.39,0.97,0.0,23.19,4.49,2023-02-20-21
274,688328,深科达,23.27,0.01,0.12,9308,21460000.0,0.02,23.31,22.83,23.01,23.15,0.70,0.02,172.00,2.48,2023-02-20-21
275,688308,欧科亿,81.46,0.01,0.41,9952,80123300.0,0.04,81.98,78.59,80.10,81.05,0.60,0.02,36.50,3.81,2023-02-20-21
276,688199,久日新材,34.32,0.01,0.17,9700,32988200.0,0.03,34.48,33.42,34.16,34.15,1.08,0.01,27.07,1.37,2023-02-20-21
277,688049,炬芯科技,32.42,0.01,0.16,20300.0,65177800.0,0.03,32.53,31.60,32.26,32.26,0.60,0.02,60.97,2.24,2023-02-20-21
278,688285,高铁电气,8.52,0.0,0.04,12400.0,10467400.0,0.01,8.52,8.41,8.50,8.48,0.50,0.01,31.83,2.11,2023-02-20-21
279,688265,南模生物,53.51,0.0,0.25,1465,7826800.0,0.02,53.76,52.84,52.99,53.26,0.68,0.0,401.87,2.36,2023-02-20-21
280,688180,君实生物-U,55.87,0.0,0.26,79300.0,448000000.0,0.04,57.49,55.36,56.55,55.61,1.25,0.02,-25.90,5.35,2023-02-20-21
281,688114,华大智造,108.50,0.0,0.50,11600.0,123000000.0,0.05,109.31,103.90,108.01,108.00,1.51,0.04,16.68,4.76,2023-02-20-21
282,688217,睿昂基因,48.42,0.0,0.22,11300.0,53788000.0,0.05,49.07,46.73,47.72,48.20,0.94,0.03,55.11,2.89,2023-02-20-21
283,688338,赛科希德,46.43,0.0,0.21,14400.0,66025400.0,0.04,46.85,44.90,46.09,46.22,1.18,0.03,36.34,2.52,2023-02-20-21
284,688728,格科微,18.07,0.0,0.08,26000.0,46494000.0,0.02,18.07,17.77,17.98,17.99,0.76,0.0,60.97,5.63,2023-02-20-21
285,688496,清越科技,11.30,0.0,0.05,50700.0,56792700.0,0.03,11.35,11.06,11.12,11.25,0.55,0.06,124.07,4.08,2023-02-20-21
286,688516,奥特维,193.34,0.0,0.85,7919,152000000.0,0.03,195.44,189.28,191.16,192.49,0.54,0.01,47.23,13.03,2023-02-20-21
287,688509,正元地信,4.56,0.0,0.02,39400.0,17895400.0,0.02,4.59,4.51,4.56,4.54,0.60,0.01,-56.90,2.42,2023-02-20-21
288,688329,艾隆科技,39.39,0.0,0.17,7006,27307100.0,0.02,39.40,38.52,38.99,39.22,0.46,0.02,37.51,3.80,2023-02-20-21
289,688448,磁谷科技,25.86,0.0,0.11,3975,10208400.0,0.02,25.90,25.45,25.61,25.75,0.67,0.02,66.20,2.02,2023-02-20-21
290,688221,前沿生物-U,15.12,0.0,0.06,53400.0,79583300.0,0.04,15.18,14.65,15.06,15.06,0.99,0.03,-18.75,3.14,2023-02-20-21
291,688090,瑞松科技,28.09,0.0,0.11,7342,20411200.0,0.03,28.25,27.36,28.18,27.98,0.80,0.01,87.33,1.98,2023-02-20-21
292,688081,兴图新科,23.16,0.0,0.09,6447,14869200.0,0.03,23.32,22.53,22.73,23.07,0.43,0.01,-32.28,2.69,2023-02-20-21
293,688375,国博电子,95.55,0.0,0.37,6316,59787600.0,0.02,95.55,93.32,95.50,95.18,0.69,0.02,71.35,7.20,2023-02-20-21
294,688195,腾景科技,25.85,0.0,0.10,8764,22422200.0,0.03,26.01,25.25,25.74,25.75,0.56,0.01,57.27,3.80,2023-02-20-21
295,688112,鼎阳科技,85.70,0.0,0.33,4558,38257500.0,0.04,86.02,82.31,85.55,85.37,1.13,0.02,68.20,6.32,2023-02-20-21
296,688123,聚辰股份,87.43,0.0,0.33,32200.0,278000000.0,0.04,88.52,85.30,86.30,87.10,0.77,0.03,30.68,5.93,2023-02-20-21
297,688016,心脉医疗,205.93,0.0,0.77,7298,149000000.0,0.04,208.70,200.95,206.37,205.16,1.16,0.01,36.95,8.92,2023-02-20-21
298,688370,丛麟科技,37.64,0.0,0.14,2543,9528400.0,0.01,37.75,37.32,37.35,37.50,0.70,0.01,22.85,1.43,2023-02-20-21
299,688363,华熙生物,128.22,0.0,0.46,37700.0,475000000.0,0.04,128.50,123.28,127.64,127.76,0.90,0.02,68.29,9.79,2023-02-20-21
300,688317,之江生物,33.84,0.0,0.12,26600.0,89252200.0,0.02,33.89,33.06,33.72,33.72,0.99,0.02,7.86,1.62,2023-02-20-21
301,688173,希荻微,25.99,0.0,0.09,7709,19944500.0,0.02,26.15,25.53,26.02,25.90,0.47,0.0,305.13,5.82,2023-02-20-21
302,688067,爱威科技,21.32,0.0,0.07,5387,11398300.0,0.02,21.41,20.91,21.37,21.25,0.87,0.01,45.56,3.01,2023-02-20-21
303,688220,翱捷科技-U,64.78,0.0,0.20,36300.0,235000000.0,0.02,65.46,64.38,65.01,64.58,0.58,0.02,-109.21,3.59,2023-02-20-21
304,688162,巨一科技,53.60,0.0,0.16,18600.0,99259600.0,0.06,54.98,51.88,53.20,53.44,1.67,0.04,56.82,2.85,2023-02-20-21
305,688658,悦康药业,20.36,0.0,0.06,24600.0,49394900.0,0.05,20.66,19.68,20.32,20.30,0.69,0.01,20.48,2.28,2023-02-20-21
306,688556,高测股份,73.76,0.0,0.21,20400.0,150000000.0,0.02,74.16,72.33,74.05,73.55,0.73,0.01,29.45,10.70,2023-02-20-21
307,688077,大地熊,52.32,0.0,0.14,11700.0,60371700.0,0.05,53.23,50.50,53.22,52.18,0.97,0.03,22.47,3.63,2023-02-20-21
308,688097,博众精工,31.27,0.0,0.08,5858,18146700.0,0.03,31.38,30.50,31.19,31.19,0.72,0.01,63.61,3.90,2023-02-20-21
309,688125,安达智能,54.61,0.0,0.13,3487,18905800.0,0.03,55.09,53.36,55.09,54.48,0.46,0.02,23.61,2.34,2023-02-20-21
310,688011,新光光电,26.17,0.0,0.06,7399,19219500.0,0.02,26.29,25.78,26.11,26.11,0.70,0.01,438.94,2.13,2023-02-20-21
311,688550,瑞联新材,52.69,0.0,0.12,13000.0,68130800.0,0.02,52.81,51.83,52.63,52.57,0.49,0.02,18.59,1.78,2023-02-20-21
312,688575,亚辉龙,21.18,0.0,0.04,36900.0,77346800.0,0.03,21.28,20.63,21.19,21.14,0.86,0.01,10.31,5.29,2023-02-20-21
313,688244,永信至诚,62.88,0.0,0.11,2143,13477300.0,0.02,63.45,62.13,62.32,62.77,0.63,0.02,-100.37,3.01,2023-02-20-21
314,688660,电气风电,6.46,0.0,0.01,66500.0,42674900.0,0.02,6.48,6.36,6.43,6.45,0.64,0.01,595.06,1.15,2023-02-20-21
315,688126,沪硅产业-U,20.66,0.0,0.03,98500.0,202000000.0,0.02,20.74,20.30,20.60,20.63,0.86,0.01,336.07,4.39,2023-02-20-21
316,688153,唯捷创芯-U,50.57,0.0,0.07,6370,32148100.0,0.03,51.40,49.70,50.88,50.50,0.55,0.02,268.54,5.42,2023-02-20-21
317,688222,成都先导,14.70,0.0,0.02,11100.0,16116400.0,0.03,14.81,14.43,14.69,14.68,0.81,0.0,423.61,4.58,2023-02-20-21
318,688122,西部超导,91.40,0.0,0.12,37500.0,339000000.0,0.02,91.74,89.50,91.11,91.28,1.37,0.01,37.06,7.36,2023-02-20-21
319,688289,圣湘生物,23.25,0.0,0.03,36500.0,84229300.0,0.02,23.34,22.78,23.21,23.22,0.77,0.01,6.42,1.89,2023-02-20-21
320,688053,思科瑞,69.99,0.0,0.09,14900.0,102000000.0,0.06,70.79,66.81,69.98,69.90,1.62,0.07,63.49,4.23,2023-02-20-21
321,688166,博瑞医药,23.92,0.0,0.03,28300.0,67036600.0,0.03,24.08,23.28,23.65,23.89,0.81,0.01,38.35,4.80,2023-02-20-21
322,688778,厦钨新能,79.02,0.0,0.09,20500.0,160000000.0,0.02,79.02,77.31,78.30,78.93,0.85,0.02,21.19,2.90,2023-02-20-21
323,688617,惠泰医疗,338.86,0.0,0.37,3500,117000000.0,0.05,343.86,328.02,339.67,338.49,0.73,0.01,65.02,13.65,2023-02-20-21
324,688234,天岳先进,84.99,0.0,0.09,14500.0,122000000.0,0.03,85.70,82.80,85.02,84.90,0.60,0.01,-233.45,6.88,2023-02-20-21
325,688630,芯碁微装,86.50,0.0,0.08,11600.0,99253600.0,0.02,86.73,85.22,86.38,86.42,0.79,0.02,89.28,10.47,2023-02-20-21
326,688373,盟科药业-U,10.91,0.0,0.01,55200.0,60163800.0,0.04,11.14,10.70,10.82,10.90,0.59,0.04,-30.85,5.69,2023-02-20-21
327,688171,纬德信息,22.12,0.0,0.02,6969,15380000.0,0.02,22.27,21.88,22.05,22.10,0.67,0.02,56.86,2.27,2023-02-20-21
328,688528,秦川物联,11.07,0.0,0.01,3218,3570400.0,0.02,11.22,11.03,11.11,11.06,0.45,0.01,1356.33,2.48,2023-02-20-21
329,688262,国芯科技,59.14,0.0,0.05,74600.0,442000000.0,0.06,61.19,57.41,58.63,59.09,0.86,0.04,110.14,5.00,2023-02-20-21
330,688008,澜起科技,61.10,0.0,0.05,91300.0,555000000.0,0.03,61.84,59.88,61.52,61.05,0.57,0.01,52.12,7.20,2023-02-20-21
331,688117,圣诺生物,26.76,0.0,0.02,7706,20446500.0,0.03,26.98,26.31,26.62,26.74,0.69,0.02,41.16,2.67,2023-02-20-21
332,688526,科前生物,29.42,0.0,0.02,26500.0,77063100.0,0.03,29.65,28.76,29.52,29.40,0.96,0.02,36.29,4.08,2023-02-20-21
333,688577,浙海德曼,46.42,0.0,0.03,2091,9654400.0,0.03,46.93,45.68,46.93,46.39,0.46,0.01,34.92,2.92,2023-02-20-21
334,688130,晶华微,46.83,0.0,0.03,5939,27455800.0,0.02,46.85,45.72,46.56,46.80,0.85,0.04,56.09,2.35,2023-02-20-21
335,688799,华纳药厂,35.37,0.0,0.02,12700.0,44635900.0,0.03,35.78,34.58,35.76,35.35,1.00,0.02,20.04,2.16,2023-02-20-21
336,688203,海正生材,18.23,0.0,0.01,16600.0,30088400.0,0.05,18.71,17.72,18.20,18.22,0.96,0.03,65.93,2.55,2023-02-20-21
337,688420,美腾科技,41.18,0.0,0.02,4935,20074700.0,0.02,41.40,40.40,41.01,41.16,0.79,0.02,32.98,2.60,2023-02-20-21
338,688722,同益中,21.40,0.0,0.01,23600.0,49846400.0,0.03,21.45,20.81,21.16,21.39,0.76,0.02,26.86,4.23,2023-02-20-21
339,688599,天合光能,62.42,0.0,0.02,154900.0,962000000.0,0.03,63.34,61.38,62.22,62.40,1.18,0.01,42.35,5.56,2023-02-20-21
340,688037,芯源微,211.49,0.0,0.04,26100.0,546000000.0,0.08,219.56,203.21,208.90,211.45,1.26,0.03,102.71,9.58,2023-02-20-21
341,688597,煜邦电力,16.19,0.0,0.00,20400.0,32730800.0,0.03,16.29,15.83,16.19,16.19,0.74,0.02,37.19,3.43,2023-02-20-21
342,688538,和辉光电-U,2.65,0.0,0.00,209000.0,55200900.0,0.01,2.66,2.63,2.65,2.65,0.70,0.0,-22.93,2.33,2023-02-20-21
343,688522,纳睿雷达,0,0,0,0,0,0,0,0,0,46.68,0,0.0,51.36,9.91,2023-02-20-21
344,688502,茂莱光学,0,0,0,0,0,0,0,0,0,0,0,0.0,0,0,2023-02-20-21
345,688486,龙迅股份,0,0,0,0,0,0,0,0,0,64.76,0,0.0,67.53,3.38,2023-02-20-21
346,688383,新益昌,112.90,0.0,0.00,5599,62872200.0,0.02,113.68,111.09,113.51,112.90,0.68,0.02,41.49,8.31,2023-02-20-21
347,688355,明志科技,29.31,0.0,0.00,17200.0,50191500.0,0.03,29.80,28.97,29.40,29.31,0.83,0.05,110.25,3.43,2023-02-20-21
348,688189,南新制药,15.59,0.0,0.00,49700.0,76873500.0,0.02,15.68,15.31,15.51,15.59,1.11,0.04,157.90,2.17,2023-02-20-21
349,688038,中科通达,14.20,0.0,0.00,26500.0,37643100.0,0.02,14.36,14.03,14.35,14.20,0.49,0.03,296.72,2.25,2023-02-20-21
350,688314,康拓医疗,-50.95,-0.0,-0.01,4330,21831100.0,0.03,51.17,49.61,50.95,50.96,0.69,0.02,34.17,5.55,2023-02-20-21
351,688050,爱博医疗,-224.83,-0.0,-0.06,7397,165000000.0,0.03,226.60,219.02,223.11,224.89,0.90,0.01,102.02,12.71,2023-02-20-21
352,688251,井松智能,-33.24,-0.0,-0.01,7656,25370600.0,0.02,33.70,33.00,33.70,33.25,2.21,0.05,62.97,2.73,2023-02-20-21
353,688669,聚石化学,-28.00,-0.0,-0.01,32700.0,91489900.0,0.05,28.80,27.50,28.62,28.01,0.49,0.07,49.16,1.71,2023-02-20-21
354,688335,复洁环保,-23.84,-0.0,-0.01,5559,13116100.0,0.03,24.10,23.30,23.85,23.85,0.99,0.01,25.84,2.06,2023-02-20-21
355,688578,艾力斯-U,-22.98,-0.0,-0.01,21600.0,49442500.0,0.02,23.11,22.55,23.11,22.99,0.46,0.01,143.81,3.35,2023-02-20-21
356,688367,工大高科,-17.74,-0.0,-0.01,11100.0,19606400.0,0.03,18.08,17.50,18.08,17.75,1.54,0.02,48.33,2.88,2023-02-20-21
357,688215,瑞晟智能,-34.98,-0.0,-0.02,2867,9997400.0,0.02,35.44,34.64,35.18,35.00,0.84,0.02,119.77,3.18,2023-02-20-21
358,688298,东方生物,-77.60,-0.0,-0.05,17700.0,136000000.0,0.04,78.49,75.62,77.75,77.65,0.82,0.01,3.20,1.41,2023-02-20-21
359,688616,西力科技,-13.13,-0.0,-0.01,7055,9156400.0,0.03,13.20,12.84,13.14,13.14,0.64,0.01,32.93,2.66,2023-02-20-21
360,688339,亿华通-U,-94.52,-0.0,-0.08,19800.0,186000000.0,0.05,96.58,92.01,94.30,94.60,0.83,0.02,-88.56,4.64,2023-02-20-21
361,688280,精进电动-UW,-8.77,-0.0,-0.01,27500.0,23999400.0,0.02,8.81,8.64,8.80,8.78,0.54,0.01,-12.86,3.04,2023-02-20-21
362,688395,正弦电气,-22.01,-0.0,-0.03,6056,13299700.0,0.04,22.36,21.57,22.21,22.04,0.59,0.02,33.50,2.79,2023-02-20-21
363,688005,容百科技,-72.73,-0.0,-0.10,43900.0,316000000.0,0.02,72.75,71.36,72.08,72.83,1.08,0.02,26.79,5.11,2023-02-20-21
364,688392,骄成超声,-120.60,-0.0,-0.17,5822,69607700.0,0.04,122.65,118.22,120.77,120.77,0.82,0.03,86.71,5.73,2023-02-20-21
365,688096,京源环保,-13.12,-0.0,-0.02,6951,9088700.0,0.02,13.19,12.93,13.18,13.14,1.02,0.01,32.69,1.78,2023-02-20-21
366,688184,帕瓦股份,-37.70,-0.0,-0.06,6845,25635600.0,0.02,38.02,37.19,38.02,37.76,0.84,0.03,36.58,1.64,2023-02-20-21
367,688179,阿拉丁,-42.15,-0.0,-0.07,18300.0,76276700.0,0.04,42.60,40.85,42.50,42.22,0.76,0.02,68.16,6.68,2023-02-20-21
368,688025,杰普特,-55.40,-0.0,-0.10,17700.0,96889600.0,0.03,55.55,53.98,55.50,55.50,0.85,0.03,76.21,2.91,2023-02-20-21
369,688301,奕瑞科技,-415.25,-0.0,-0.75,3054,127000000.0,0.03,419.78,408.78,415.01,416.00,0.79,0.01,44.57,8.77,2023-02-20-21
370,688788,科思科技,-43.61,-0.0,-0.08,6139,26576900.0,0.03,43.88,42.72,43.69,43.69,0.76,0.01,-49.15,1.64,2023-02-20-21
371,688202,美迪西,-189.12,-0.0,-0.37,13300.0,248000000.0,0.03,190.10,184.18,189.91,189.49,1.19,0.02,44.38,10.71,2023-02-20-21
372,688078,龙软科技,-39.80,-0.0,-0.08,11000.0,43574400.0,0.03,40.26,39.05,39.90,39.88,0.59,0.02,41.82,4.62,2023-02-20-21
373,688503,聚和材料,-134.62,-0.0,-0.28,11000.0,147000000.0,0.02,135.29,132.03,135.00,134.90,0.88,0.05,37.34,3.38,2023-02-20-21
374,688305,科德数控,-93.79,-0.0,-0.20,7058,66040200.0,0.03,95.44,92.20,92.80,93.99,0.62,0.01,196.57,8.70,2023-02-20-21
375,688136,科兴制药,-22.20,-0.0,-0.05,13800.0,30308300.0,0.03,22.30,21.70,22.15,22.25,0.91,0.02,-58.33,2.40,2023-02-20-21
376,688381,帝奥微,-43.51,-0.0,-0.10,23300.0,100000000.0,0.04,43.90,42.30,43.21,43.61,1.27,0.04,51.06,3.54,2023-02-20-21
377,688287,观典防务,-12.97,-0.0,-0.03,38800.0,49821800.0,0.02,12.99,12.74,12.95,13.00,0.82,0.03,38.88,4.05,2023-02-20-21
378,688798,艾为电子,-107.75,-0.0,-0.25,15600.0,166000000.0,0.03,108.85,105.28,108.12,108.00,1.23,0.02,-349.44,5.04,2023-02-20-21
379,688456,有研粉材,-33.66,-0.0,-0.08,11800.0,39234600.0,0.03,33.97,32.99,33.79,33.74,0.54,0.02,59.18,3.10,2023-02-20-21
380,688682,霍莱沃,-82.00,-0.0,-0.22,2273,18465700.0,0.04,83.02,80.01,83.02,82.22,0.48,0.01,164.65,6.90,2023-02-20-21
381,688129,东来技术,-14.40,-0.0,-0.04,6191,8881400.0,0.03,14.59,14.20,14.44,14.44,1.71,0.01,60.53,2.00,2023-02-20-21
382,688776,国光电气,-182.37,-0.0,-0.53,2070,37307500.0,0.03,182.90,177.65,180.45,182.90,0.71,0.01,82.00,8.27,2023-02-20-21
383,688270,臻镭科技,-102.31,-0.0,-0.30,14400.0,144000000.0,0.04,102.71,98.88,102.26,102.61,1.38,0.02,117.34,5.48,2023-02-20-21
384,688819,天能股份,-37.07,-0.0,-0.11,16700.0,61877800.0,0.02,37.46,36.74,36.93,37.18,0.83,0.01,18.97,2.75,2023-02-20-21
385,688007,光峰科技,-26.19,-0.0,-0.08,38000.0,99302700.0,0.02,26.40,25.85,26.29,26.27,0.81,0.01,98.28,4.62,2023-02-20-21
386,688017,绿的谐波,-132.59,-0.0,-0.41,25000.0,331000000.0,0.03,134.33,130.01,132.48,133.00,0.76,0.03,130.97,11.81,2023-02-20-21
387,688565,力源科技,-9.27,-0.0,-0.03,27400.0,25149800.0,0.03,9.39,9.11,9.39,9.30,0.71,0.03,-262.34,2.35,2023-02-20-21
388,688193,仁度生物,-51.51,-0.0,-0.18,1420,7273600.0,0.03,51.86,50.54,51.68,51.69,0.51,0.02,65.05,2.13,2023-02-20-21
389,688260,昀冢科技,-15.64,-0.0,-0.06,9350,14612900.0,0.02,15.87,15.48,15.50,15.70,1.10,0.01,360.06,3.70,2023-02-20-21
390,688237,超卓航科,-57.29,-0.0,-0.22,6625,37666200.0,0.02,57.69,56.30,57.52,57.51,0.85,0.04,79.22,4.01,2023-02-20-21
391,688187,时代电气,-51.60,-0.0,-0.21,36700.0,188000000.0,0.03,52.25,50.68,51.81,51.81,1.05,0.02,35.07,2.17,2023-02-20-21
392,688147,微导纳米,-35.04,-0.0,-0.16,33400.0,116000000.0,0.05,35.76,34.00,35.20,35.20,0.73,0.09,-3669.46,8.36,2023-02-20-21
393,688323,瑞华泰,-26.00,-0.0,-0.12,9203,23782100.0,0.03,26.31,25.60,26.31,26.12,0.57,0.01,99.24,4.55,2023-02-20-21
394,688105,诺唯赞,-55.64,-0.0,-0.26,15800.0,86929700.0,0.02,55.92,54.65,55.91,55.90,1.43,0.01,22.26,4.67,2023-02-20-21
395,688075,安旭生物,-87.65,-0.0,-0.41,7147,62016000.0,0.03,89.00,86.00,88.29,88.06,0.99,0.03,1.91,1.43,2023-02-20-21
396,688662,富信科技,-29.51,-0.0,-0.14,5723,16802400.0,0.03,29.79,29.05,29.46,29.65,0.56,0.01,35.17,3.54,2023-02-20-21
397,688098,申联生物,-8.34,-0.0,-0.04,51500.0,42865600.0,0.03,8.49,8.23,8.40,8.38,2.08,0.01,35.49,2.25,2023-02-20-21
398,688299,长阳科技,-17.64,-0.01,-0.09,34200.0,60087400.0,0.02,17.78,17.36,17.75,17.73,0.88,0.01,34.07,2.46,2023-02-20-21
399,688677,海泰新光,-103.51,-0.01,-0.54,14100.0,146000000.0,0.03,105.14,102.50,103.06,104.05,0.82,0.03,48.27,7.69,2023-02-20-21
400,688607,康众医疗,-22.98,-0.01,-0.12,18400.0,41798300.0,0.04,23.26,22.42,23.26,23.10,0.66,0.03,-422.85,2.40,2023-02-20-21
401,688513,苑东生物,-57.00,-0.01,-0.31,6705,38069200.0,0.03,57.80,56.28,57.80,57.31,2.52,0.01,26.26,2.86,2023-02-20-21
402,688188,柏楚电子,-222.99,-0.01,-1.26,3927,87529400.0,0.04,226.85,219.00,224.01,224.25,1.10,0.0,63.15,7.82,2023-02-20-21
403,688279,峰岹科技,-97.50,-0.01,-0.56,7773,74341500.0,0.04,98.19,93.89,98.10,98.06,2.72,0.04,58.27,4.04,2023-02-20-21
404,688685,迈信林,-22.13,-0.01,-0.13,19500.0,42604400.0,0.03,22.22,21.51,22.05,22.26,0.86,0.04,69.30,3.57,2023-02-20-21
405,688132,邦彦技术,-26.99,-0.01,-0.16,12400.0,33130600.0,0.04,27.42,26.23,26.94,27.15,0.95,0.04,-142.86,2.71,2023-02-20-21
406,688106,金宏气体,-20.58,-0.01,-0.13,33600.0,68677200.0,0.03,20.81,20.24,20.81,20.71,1.03,0.01,44.38,3.63,2023-02-20-21
407,688777,中控技术,-88.50,-0.01,-0.57,39100.0,344000000.0,0.02,89.09,87.31,89.00,89.07,1.26,0.01,69.90,9.00,2023-02-20-21
408,688196,卓越新能,-62.30,-0.01,-0.41,7925,49141700.0,0.04,63.58,61.00,63.45,62.71,0.57,0.03,13.03,2.71,2023-02-20-21
409,688611,杭州柯林,-53.89,-0.01,-0.36,5494,28980100.0,0.06,54.47,50.98,54.46,54.25,0.43,0.04,83.49,3.84,2023-02-20-21
410,688520,神州细胞-U,-74.20,-0.01,-0.50,13700.0,101000000.0,0.02,75.16,73.40,74.47,74.70,0.90,0.01,-61.55,-254.44,2023-02-20-21
411,688767,博拓生物,-47.05,-0.01,-0.32,6608,30791400.0,0.03,47.66,46.08,47.66,47.37,1.08,0.02,4.25,1.88,2023-02-20-21
412,688109,品茗科技,-33.26,-0.01,-0.23,2934,9742900.0,0.02,33.71,32.94,33.16,33.49,0.73,0.01,-25.62,2.18,2023-02-20-21
413,688057,金达莱,-15.26,-0.01,-0.11,19500.0,29640500.0,0.02,15.40,15.11,15.35,15.37,1.01,0.01,18.20,1.36,2023-02-20-21
414,688681,科汇股份,-16.65,-0.01,-0.13,13200.0,21864300.0,0.04,16.97,16.35,16.77,16.78,0.66,0.02,-495.64,3.06,2023-02-20-21
415,688139,海尔生物,-76.40,-0.01,-0.60,11300.0,85214300.0,0.03,76.91,74.43,76.01,77.00,0.81,0.0,39.48,6.23,2023-02-20-21
416,688388,嘉元科技,-47.97,-0.01,-0.38,42300.0,200000000.0,0.03,48.34,46.78,48.01,48.35,1.31,0.02,25.03,2.04,2023-02-20-21
417,688102,斯瑞新材,-16.41,-0.01,-0.13,18500.0,30065400.0,0.03,16.58,16.06,16.57,16.54,0.85,0.05,84.34,6.76,2023-02-20-21
418,688701,卓锦股份,-8.74,-0.01,-0.07,7880,6884900.0,0.03,8.88,8.65,8.85,8.81,0.79,0.01,-29.41,2.52,2023-02-20-21
419,688150,莱特光电,-24.30,-0.01,-0.20,13000.0,31596600.0,0.04,24.86,23.90,24.86,24.50,0.47,0.04,80.73,5.86,2023-02-20-21
420,688385,复旦微电,-64.37,-0.01,-0.53,71600.0,462000000.0,0.02,65.29,63.84,65.20,64.90,0.87,0.02,45.89,12.41,2023-02-20-21
421,688190,云路股份,-89.31,-0.01,-0.75,2704,24024100.0,0.03,90.70,87.95,90.70,90.06,0.69,0.0,53.13,5.51,2023-02-20-21
422,688060,云涌科技,-60.24,-0.01,-0.51,3556,21245300.0,0.04,61.26,58.93,61.00,60.75,0.98,0.01,290.40,3.78,2023-02-20-21
423,688206,概伦电子,-29.62,-0.01,-0.26,26900.0,78611200.0,0.04,29.79,28.66,28.80,29.88,0.73,0.02,315.48,6.02,2023-02-20-21
424,688676,金盘科技,-36.11,-0.01,-0.32,31500.0,113000000.0,0.03,36.54,35.50,36.22,36.43,1.31,0.02,68.81,6.03,2023-02-20-21
425,688226,威腾电气,-25.79,-0.01,-0.23,22600.0,58177600.0,0.06,26.65,25.10,25.82,26.02,1.14,0.03,59.89,4.54,2023-02-20-21
426,688418,震有科技,-12.09,-0.01,-0.11,23900.0,28645100.0,0.03,12.19,11.82,12.19,12.20,1.04,0.02,-19.04,2.24,2023-02-20-21
427,688211,中科微至,-42.70,-0.01,-0.39,7161,30631900.0,0.02,43.27,42.60,43.27,43.09,0.55,0.01,224.78,1.47,2023-02-20-21
428,688733,壹石通,-40.15,-0.01,-0.37,23100.0,92248400.0,0.02,40.31,39.57,40.11,40.52,0.88,0.02,51.50,3.57,2023-02-20-21
429,688115,思林杰,-43.00,-0.01,-0.41,5074,21703800.0,0.05,44.20,42.15,44.00,43.41,1.31,0.03,38.85,2.15,2023-02-20-21
430,688639,华恒生物,-165.50,-0.01,-1.58,6698,111000000.0,0.03,167.99,163.52,165.31,167.08,1.15,0.01,62.00,13.11,2023-02-20-21
431,688151,华强科技,-20.66,-0.01,-0.20,9627,19786300.0,0.02,20.82,20.33,20.74,20.86,0.73,0.01,53.68,1.69,2023-02-20-21
432,688366,昊海生科,-106.76,-0.01,-1.04,8130,86083500.0,0.04,107.80,103.60,107.80,107.80,0.85,0.01,84.78,3.29,2023-02-20-21
433,688019,安集科技,-192.25,-0.01,-1.89,6974,134000000.0,0.02,193.91,189.27,192.00,194.14,0.87,0.01,52.15,10.19,2023-02-20-21
434,688010,福光股份,-23.31,-0.01,-0.23,10600.0,24725600.0,0.03,23.61,23.00,23.53,23.54,0.69,0.01,137.98,2.01,2023-02-20-21
435,688089,嘉必优,-52.30,-0.01,-0.53,11600.0,60533000.0,0.02,52.83,51.79,52.82,52.83,0.95,0.02,60.45,4.39,2023-02-20-21
436,688551,科威尔,-58.57,-0.01,-0.60,4461,26175700.0,0.04,59.87,57.75,58.98,59.17,0.71,0.01,77.88,4.66,2023-02-20-21
437,688772,珠海冠宇,-21.23,-0.01,-0.22,79400.0,167000000.0,0.03,21.44,20.79,21.21,21.45,0.94,0.01,210.54,3.79,2023-02-20-21
438,688511,天微电子,-31.45,-0.01,-0.33,6809,21193000.0,0.04,31.88,30.61,31.56,31.78,0.87,0.02,63.01,3.06,2023-02-20-21
439,688293,奥浦迈,-114.39,-0.01,-1.22,3223,36622600.0,0.06,117.76,110.99,115.07,115.61,1.15,0.02,84.65,4.34,2023-02-20-21
440,688021,奥福环保,-31.79,-0.01,-0.34,11100.0,35919100.0,0.06,33.03,31.24,32.20,32.13,0.87,0.01,-1912.74,2.66,2023-02-20-21
441,688200,华峰测控,-280.00,-0.01,-3.00,7395,205000000.0,0.04,284.88,272.66,284.88,283.00,1.14,0.01,48.57,8.13,2023-02-20-21
442,688141,杰华特,-50.95,-0.01,-0.55,16800.0,85205100.0,0.03,52.00,50.40,51.55,51.50,0.68,0.03,156.52,7.32,2023-02-20-21
443,688248,南网科技,-52.52,-0.01,-0.58,70200.0,364000000.0,0.03,52.76,51.19,52.19,53.10,1.27,0.09,163.60,11.77,2023-02-20-21
444,688368,晶丰明源,-141.41,-0.01,-1.59,6742,94649600.0,0.04,143.00,137.71,143.00,143.00,0.48,0.01,-33.23,5.46,2023-02-20-21
445,688108,赛诺医疗,-6.21,-0.01,-0.07,62800.0,38849900.0,0.04,6.35,6.12,6.31,6.28,1.04,0.02,-17.53,3.10,2023-02-20-21
446,688510,航亚科技,-17.51,-0.01,-0.20,9213,16074300.0,0.03,17.77,17.26,17.71,17.71,0.86,0.01,386.86,4.79,2023-02-20-21
447,688087,英科再生,-41.85,-0.01,-0.48,13100.0,54117500.0,0.04,42.60,40.83,42.60,42.33,0.82,0.02,20.11,2.73,2023-02-20-21
448,688071,华依科技,-64.21,-0.01,-0.74,6396,41247600.0,0.05,66.44,63.35,64.70,64.95,0.76,0.02,136.28,9.50,2023-02-20-21
449,688026,洁特生物,-25.86,-0.01,-0.30,12300.0,31670300.0,0.03,26.32,25.61,26.32,26.16,0.76,0.01,31.80,3.58,2023-02-20-21
450,688331,荣昌生物,-78.69,-0.01,-0.93,18000.0,140000000.0,0.07,82.00,76.07,82.00,79.62,1.51,0.04,-46.67,8.13,2023-02-20-21
451,688297,中无人机,-49.20,-0.01,-0.59,44300.0,216000000.0,0.02,49.44,48.30,49.39,49.79,0.96,0.03,91.19,5.77,2023-02-20-21
452,688219,会通股份,-9.90,-0.01,-0.12,16100.0,15938100.0,0.03,10.10,9.81,10.02,10.02,0.91,0.01,77.23,2.74,2023-02-20-21
453,688789,宏华数科,-193.40,-0.01,-2.40,4365,85026700.0,0.03,197.88,191.51,194.66,195.80,0.86,0.01,64.63,6.16,2023-02-20-21
454,688268,华特气体,-77.01,-0.01,-0.96,12100.0,92649400.0,0.03,77.69,75.63,77.69,77.97,0.78,0.01,37.35,6.04,2023-02-20-21
455,688232,新点软件,-51.99,-0.01,-0.66,47400.0,243000000.0,0.05,52.64,50.00,52.35,52.65,1.57,0.05,71.83,3.29,2023-02-20-21
456,688439,振华风光,-105.85,-0.01,-1.39,9704,102000000.0,0.04,107.89,103.80,107.19,107.24,1.25,0.02,70.02,5.16,2023-02-20-21
457,688379,华光新材,-20.50,-0.01,-0.27,12900.0,26469900.0,0.04,21.04,20.24,21.04,20.77,0.57,0.03,-104.86,2.08,2023-02-20-21
458,688261,东微半导,-242.80,-0.01,-3.20,5420,131000000.0,0.04,248.17,238.16,244.44,246.00,0.88,0.01,61.34,5.95,2023-02-20-21
459,688143,长盈通,-51.10,-0.01,-0.73,8343,42375800.0,0.04,51.91,50.07,51.64,51.83,0.86,0.04,70.61,3.94,2023-02-20-21
460,688156,路德环境,-37.85,-0.01,-0.55,9576,36479700.0,0.03,38.99,37.70,38.40,38.40,0.63,0.01,112.68,4.53,2023-02-20-21
461,688269,凯立新材,-77.95,-0.01,-1.15,7078,54987100.0,0.05,79.50,75.90,79.07,79.10,1.14,0.01,43.63,11.03,2023-02-20-21
462,688059,华锐精密,-163.51,-0.02,-2.54,2225,36138500.0,0.05,167.75,159.50,163.07,166.05,0.47,0.01,50.43,7.63,2023-02-20-21
463,688533,上声电子,-57.90,-0.02,-0.91,16800.0,96245600.0,0.05,59.42,56.26,58.99,58.81,2.15,0.04,118.57,8.65,2023-02-20-21
464,688116,天奈科技,-73.70,-0.02,-1.16,38300.0,282000000.0,0.03,74.97,72.80,74.27,74.86,1.05,0.02,39.20,7.38,2023-02-20-21
465,688056,莱伯泰科,-42.01,-0.02,-0.70,4828,20380200.0,0.02,42.88,41.88,42.28,42.71,0.62,0.02,60.86,3.41,2023-02-20-21
466,688255,凯尔达,-36.48,-0.02,-0.62,14800.0,53969200.0,0.05,37.50,35.60,37.50,37.10,0.93,0.03,62.72,2.57,2023-02-20-21
467,688345,博力威,-53.06,-0.02,-0.92,8655,45649400.0,0.05,54.83,52.18,53.19,53.98,0.90,0.04,32.65,4.32,2023-02-20-21
468,688508,芯朋微,-73.71,-0.02,-1.28,22600.0,166000000.0,0.04,75.49,72.56,75.00,74.99,1.27,0.03,79.43,5.74,2023-02-20-21
469,688690,纳微科技,-55.16,-0.02,-0.99,43100.0,234000000.0,0.04,55.30,53.14,55.30,56.15,1.24,0.02,78.69,15.36,2023-02-20-21
470,688567,孚能科技,-24.64,-0.02,-0.45,87600.0,215000000.0,0.03,25.09,24.32,24.86,25.09,1.12,0.01,-80.98,2.40,2023-02-20-21
471,688356,键凯科技,-172.84,-0.02,-3.21,6516,112000000.0,0.04,177.00,170.03,175.74,176.05,0.75,0.02,47.31,8.73,2023-02-20-21
472,688683,莱尔科技,-24.99,-0.02,-0.47,10300.0,25644300.0,0.04,25.47,24.50,25.03,25.46,0.41,0.02,73.57,3.95,2023-02-20-21
473,688518,联赢激光,-34.91,-0.02,-0.67,74800.0,260000000.0,0.04,35.69,34.35,35.31,35.58,1.27,0.03,47.15,4.41,2023-02-20-21
474,688272,富吉瑞,-24.57,-0.02,-0.48,11900.0,29176800.0,0.06,25.50,24.10,25.50,25.05,0.95,0.05,-21.85,3.08,2023-02-20-21
475,688148,芳源股份,-15.23,-0.02,-0.31,62300.0,94451300.0,0.04,15.65,15.00,15.65,15.54,1.56,0.02,264.13,5.63,2023-02-20-21
476,688622,禾信仪器,-40.75,-0.02,-0.84,9613,39007100.0,0.04,41.59,39.95,41.55,41.59,0.79,0.03,-48.82,5.19,2023-02-20-21
477,688378,奥来德,-57.69,-0.02,-1.21,15500.0,88894300.0,0.03,58.50,56.82,58.50,58.90,0.60,0.02,39.69,3.53,2023-02-20-21
478,688665,四方光电,-103.50,-0.02,-2.18,3479,36281800.0,0.04,107.69,102.99,107.69,105.68,0.96,0.02,54.32,8.51,2023-02-20-21
479,688155,先惠技术,-55.60,-0.02,-1.18,5076,28299500.0,0.03,56.58,55.15,56.57,56.78,1.07,0.02,-114.16,3.57,2023-02-20-21
480,688127,蓝特光学,-19.25,-0.02,-0.41,28000.0,54069200.0,0.03,19.78,19.15,19.78,19.66,1.52,0.02,89.82,5.23,2023-02-20-21
481,688133,泰坦科技,-132.00,-0.02,-2.97,9664,127000000.0,0.04,134.97,129.50,133.02,134.97,1.54,0.02,86.18,4.14,2023-02-20-21
482,688029,南微医学,-86.10,-0.02,-1.97,29300.0,252000000.0,0.03,88.07,85.00,88.07,88.07,1.86,0.02,53.44,5.20,2023-02-20-21
483,688337,普源精电-U,-99.70,-0.02,-2.30,6225,61673200.0,0.05,102.39,97.71,102.10,102.00,1.12,0.02,180.92,4.82,2023-02-20-21
484,688608,恒玄科技,-131.09,-0.02,-3.04,12200.0,160000000.0,0.03,134.27,129.89,133.91,134.13,0.91,0.02,78.57,2.63,2023-02-20-21
485,688359,三孚新科,-65.08,-0.02,-1.62,12600.0,81162100.0,0.05,66.02,63.00,66.02,66.70,1.06,0.03,-126.83,12.99,2023-02-20-21
486,688428,诺诚健华-U,-12.23,-0.02,-0.31,139800.0,169000000.0,0.05,12.49,11.84,12.38,12.54,0.82,0.06,-19.40,2.79,2023-02-20-21
487,688707,振华新材,-47.47,-0.02,-1.21,58400.0,277000000.0,0.04,48.64,46.93,48.48,48.68,0.90,0.02,15.67,5.50,2023-02-20-21
488,688768,容知日新,-125.72,-0.03,-3.27,6935,87448900.0,0.04,129.05,124.19,128.82,128.99,2.25,0.02,115.71,10.13,2023-02-20-21
489,688499,利元亨,-166.40,-0.03,-4.60,8422,139000000.0,0.04,169.98,163.00,169.00,171.00,0.87,0.02,38.87,6.23,2023-02-20-21
490,688386,泛亚微透,-58.46,-0.03,-1.62,7063,41265000.0,0.04,60.11,57.58,60.00,60.08,0.61,0.01,71.71,6.41,2023-02-20-21
491,688401,路维光电,-46.33,-0.03,-1.30,20200.0,93276100.0,0.06,47.79,45.10,47.35,47.63,1.50,0.07,54.42,4.72,2023-02-20-21
492,688559,海目星,-61.99,-0.03,-1.76,61900.0,381000000.0,0.05,63.19,60.17,63.11,63.75,1.32,0.05,42.53,6.79,2023-02-20-21
493,688636,智明达,-114.43,-0.03,-3.36,3540,40483900.0,0.05,118.00,112.13,117.66,117.79,0.99,0.01,97.16,6.03,2023-02-20-21
494,688320,禾川科技,-47.76,-0.03,-1.44,20900.0,99947200.0,0.04,49.02,47.13,48.70,49.20,1.17,0.06,60.22,4.70,2023-02-20-21
495,688239,航宇科技,-74.20,-0.03,-2.30,19900.0,149000000.0,0.04,76.69,73.74,76.69,76.50,1.58,0.02,59.16,8.39,2023-02-20-21
496,688103,国力股份,-62.36,-0.03,-1.94,5922,37131200.0,0.04,64.36,62.00,64.35,64.30,0.74,0.01,68.87,5.87,2023-02-20-21
497,688031,星环科技-U,-84.55,-0.03,-2.73,21300.0,180000000.0,0.06,86.97,81.47,86.32,87.28,1.10,0.08,-33.98,5.82,2023-02-20-21
498,688198,佰仁医疗,-124.20,-0.03,-4.22,4703,58437500.0,0.04,128.42,123.05,127.89,128.42,1.85,0.0,211.15,16.03,2023-02-20-21
499,688271,联影医疗,-172.71,-0.03,-6.17,20500.0,354000000.0,0.05,179.60,170.75,178.80,178.88,2.08,0.04,118.77,8.52,2023-02-20-21
500,688506,百利天恒-U,-69.50,-0.03,-2.50,21000.0,147000000.0,0.09,74.50,68.00,72.00,72.00,0.88,0.06,-86.09,28.54,2023-02-20-21
501,688800,瑞可达,-106.98,-0.04,-3.98,18700.0,201000000.0,0.06,111.54,105.13,110.03,110.96,1.96,0.03,46.07,6.62,2023-02-20-21
502,688208,道通科技,-38.59,-0.04,-1.54,201300.0,779000000.0,0.07,40.13,37.45,39.70,40.13,1.56,0.04,127.93,5.97,2023-02-20-21
503,688787,海天瑞声,-218.90,-0.05,-11.30,43300.0,946000000.0,0.12,234.00,206.28,231.10,230.20,0.97,0.15,377.15,11.47,2023-02-20-21
504,688247,宣泰医药,-17.13,-0.05,-0.90,109300.0,186000000.0,0.06,17.74,16.70,17.67,18.03,1.52,0.27,86.80,6.75,2023-02-20-21
505,688286,敏芯股份,-65.76,-0.05,-3.51,14400.0,94076000.0,0.07,68.58,63.76,68.58,69.27,0.82,0.04,-138.68,3.29,2023-02-20-21
506,688659,元琛科技,-16.24,-0.06,-0.97,90600.0,148000000.0,0.08,17.21,15.80,17.21,17.21,1.90,0.1,122.67,3.99,2023-02-20-21
507,688466,金科环境,-21.28,-0.06,-1.46,49100.0,104000000.0,0.05,21.83,20.72,21.83,22.74,1.80,0.11,26.86,2.02,2023-02-20-21
508,688073,毕得医药,-138.42,-0.09,-13.83,12500.0,179000000.0,0.12,155.75,138.00,155.70,152.25,2.31,0.09,61.63,4.33,2023-02-20-21
509,688307,C中润,-41.00,-0.1,-4.54,82100.0,336000000.0,0.1,43.84,39.20,43.23,45.54,0.70,0.45,111.44,4.54,2023-02-20-21
